1173354,que
881911,de
819699,no
716165,ser
663795,el
611752,a
579239,la
431626,y
419569,en
402001,este
385212,un
384105,lo
290170,si
281330,por
265738,me
264551,uno
263567,tener
260246,se
229943,ir
227057,tu
223659,te
218260,bueno
217888,mi
208081,los
206183,haber
189742,hacer
186404,con
179349,estar
176975,para
157077,como
154441,todo
141882,querer
137415,pero
131597,yo
131278,eso
130573,poder
130178,las
127779,decir
124712,su
117576,aqui
107237,del
106581,al
105938,mas
104391,ese
95811,ver
88422,solo
87316,esto
80722,ya
77603,vamos
72650,crear
71768,muy
69168,ahora
67686,algo
63968,cuando
61613,nos
60992,asi
58705,donde
58182,nada
56987,dar
55323,quien
54304,otro
52904,mucho
52232,deber
51700,gracias
51450,o
50747,saber
47751,venir
46687,son
46484,hombre
45289,vez
44241,hablar
44140,cosa
43574,dia
43376,sentar
43044,ella
43039,he
42745,necesitar
40117,nuestro
40016,porque
39279,puede
39086,dios
38981,sabes
38193,hola
37939,sus
37742,casa
36978,tiempo
36897,mejor
36804,nunca
36553,estan
36008,favor
35659,dos
35392,tan
35350,senor
34780,verdad
33501,ahi
33400,chico
33388,usted
32738,entonces
32701,vida
31485,noche
30295,esperar
29628,parecer
29572,mismo
29253,pensar
29178,amigo
28668,alguien
28512,Sr.
28288,hasta
28251,grande
28224,sin
28209,tambien
27943,padre
27595,malo
27497,anos
27308,sobre
27121,dejar
27032,siempre
27012,oh
26603,llevar
26182,antes
25998,poco
25808,ni
25587,hijo
24935,seguro
24890,alguno
23720,nadie
23454,mira
23369,trabajo
23287,volver
23218,nosotros
23095,hecho
23083,seguir
22992,llamar
22746,llegar
22682,gente
22680,gustar
22388,conocer
22339,poner
22108,les
21481,hora
21116,problema
20796,encontrar
20740,tipo
20596,pasa
20504,tenia
20300,dinero
20212,lugar
20166,serio
19851,tal
19850,pasar
19651,cuanto
19539,despues
19506,espera
19405,mujer
19265,momento
19178,claro
18947,podar
18826,papa
18726,mundo
18655,nuevo
18459,mierda
18181,estado
18167,salir
18074,muerto
18045,entender
17891,desde
17855,quedar
17816,fuera
17742,matar
17701,manana
17584,mio
17505,paso
17187,haz
17036,podria
16968,nombre
16903,dije
16519,mano
16518,sera
16462,habia
16244,mama
16201,acuerdo
16143,primero
15993,ayudar
15888,tanto
15836,buena
15792,tomar
15478,madre
15409,tres
15360,menos
15287,aun
15201,minuto
15109,conmigo
15103,buscar
15029,hoy
14988,trabajar
14855,persona
14816,alli
14471,cual
14309,tarde
14298,entrar
14252,maldito
14237,luego
14236,importar
13687,mirar
13676,morir
13561,razon
13428,visto
13408,queria
13364,cierto
13331,contigo
13190,ve
13170,oye
13145,parte
12981,idea
12853,viejo
12612,veces
12591,vaya
12499,semana
12464,demasiado
12318,cada
12134,policia
11968,ustedes
11968,escuchar
11857,puerta
11822,lado
11819,familia
11776,listo
11631,van
11629,habla
11583,cabeza
11557,quiza
11503,junto
11457,hacia
11337,oud
11256,hermano
11226,cuenta
11149,algun
11133,forma
11058,alla
11034,realmente
11006,perder
10951,cualquiera
10887,arma
10851,entre
10733,hemo
10542,quizas
10525,suponer
10485,carino
10482,rapido
10472,recordar
10429,perro
10405,traer
10401,preguntar
10367,digo
10298,sabio
10209,llama
10201,cuidado
10153,buenas
10135,pense
10118,preocupar
10109,amor
10093,todavia
10047,auto
9939,relief
9923,deja
9921,usar
9820,suerte
9816,pregunta
9797,eh
9796,loco
9764,adios
9613,io
9558,muchacho
9541,pues
9454,ayuda
9445,pasado
9322,dejo
9264,esposa
9261,casi
9236,deberia
9221,acabar
9216,ojo
9149,caso
9146,ok
9125,dicho
9099,nueva
9096,ciudad
9071,dentro
9067,intentar
9043,toma
9022,contra
8995,comer
8962,vivo
8917,camino
8911,primera
8904,muerte
8881,miedo
8792,feliz
8760,haya
8739,regresar
8727,ninguno
8725,dolar
8677,ninos
8662,past
8645,hey
8602,mientras
8599,jugar
8580,segundo
8569,guerra
8495,tratar
8454,mes
8432,pronto
8412,doctor
8385,querido
8371,ano
8360,hare
8352,terminar
8246,importante
8222,palabra
8202,capitan
8197,escucha
8194,manera
8097,empezar
8068,vale
8066,unico
7962,ei
7882,agua
7850,bajo
7762,adelante
7738,juego
7725,nino
7719,creer
7663,oir
7635,ningun
7621,clase
7600,tierra
7598,pequeno
7588,luz
7577,atras
7573,propio
7555,cerca
7555,vivir
7554,suficiente
7523,arriba
7503,jefe
7502,veras
7456,hija
7443,punto
7430,cuerpo
7374,significar
7370,sangre
7359,fin
7346,pedir
7273,suceder
7260,gustaria
7235,fuerte
7223,equipo
7190,igual
7126,corazon
7110,diablos
7083,durante
7015,abajo
7005,dr
6959,vuelta
6909,senora
6902,acabamiento
6805,correr
6768,cara
6760,siquiera
6746,genial
6686,humano
6678,supuesto
6676,tuyo
6643,dormir
6629,justo
6610,medio
6607,caballero
6592,numerar
6577,ultimar
6527,cinco
6489,amo
6463,cambiar
6445,deberias
6428,perdido
6411,libro
6401,plan
6396,bebe
6364,dificil
6344,fiesta
6344,blanco
6318,foto
6303,negro
6299,alto
6296,treating
6289,aunque
6289,negocio
6269,comida
6263,ay
6241,the
6240,mayor
6209,abrir
6201,venga
6162,adonde
6140,realidad
6126,hermana
6098,ocurrir
6092,hermoso
6089,puta
6084,prueba
6055,cambio
6016,trata
6006,novio
5981,cuatro
5979,sra
5959,ganar
5953,tio
5952,recuerdo
5946,e
5899,tranquilo
5896,john
5893,oportunidad
5875,idiota
5869,lindo
5849,aca
5842,afuera
5839,final
5827,vosotros
5821,secreto
5820,facil
5820,mover
5749,telefono
5724,funcionar
5639,queda
5623,callar
5589,basta
5580,asesino
5574,gusto
5546,olvidar
5529,vino
5522,correcto
5519,pie
5513,cuarto
5509,escuela
5485,calle
5481,fuerza
5470,sacar
5457,millon
5448,perfecto
5424,posible
5414,jack
5404,tonto
5373,carajo
5360,lista
5342,par
5311,exactamente
5296,conseguir
5291,podia
5289,bastante
5288,seguridad
5270,ultimo
5259,fuego
5249,murio
5232,tampoco
5217,nave
5215,agente
5210,largo
5197,vivar
5175,ire
5173,culpa
5171,libre
5170,rey
5152,noticia
5139,especial
5113,avion
5066,paz
5066,asunto
5055,demonios
5037,estara
5028,santo
5023,llamado
4976,perdon
4976,bonito
4969,peor
4921,pase
4894,coche
4886,joven
4875,vamonos
4868,pueblo
4846,duro
4828,mia
4825,subir
4819,unica
4808,disparar
4804,lejos
4795,increible
4793,diferente
4767,pienso
4763,raro
4748,sentido
4722,control
4702,mato
4689,pais
4686,seis
4651,diga
4646,leer
4639,podrias
4631,real
4618,oficial
4601,pequena
4583,derecho
4580,sam
4577,jamas
4576,cama
4572,srta
4557,llave
4552,acerca
4523,modo
4507,falta
4505,hospital
4478,presidente
4473,mil
4467,mantener
4421,resto
4416,sentir
4412,carta
4406,error
4392,ido
4392,general
4389,extrano
4358,disculpe
4358,dire
4352,viaje
4347,anoche
4312,sistema
4307,cielo
4307,verdadero
4303,habra
4292,orden
4290,maldicion
4275,nina
4269,oido
4260,michael
4243,ademas
4228,pagar
4212,cafe
4187,ia
4183,campo
4179,habitacion
4178,clark
4178,puesto
4166,respuesta
4160,ejercitar
4153,odio
4152,dolor
4143,oficina
4108,york
4099,detras
4083,ley
4081,viste
4035,frente
3985,sonar
3978,sueno
3964,habria
3953,hara
3934,mente
3931,probablemente
3931,peter
3931,soldado
3920,estare
3918,anda
3916,sitio
3915,suyo
3901,disculpa
3900,lamento
3885,ropa
3867,frank
3856,dado
3855,encima
3852,mensaje
3832,informacion
3831,uds
3811,haria
3809,alegrar
3807,trasero
3790,maestro
3788,servicio
3786,grupo
3785,salvo
3778,incluso
3774,deberiamos
3771,barco
3755,amiga
3746,boca
3746,bienvenido
3744,pobre
3734,vengar
3733,bano
3725,adentro
3720,profesor
3712,dano
3696,aquel
3690,encantar
3687,demas
3659,prometer
3645,diez
3633,enemigo
3632,brazo
3629,normal
3626,linear
3619,quedo
3613,personal
3607,busca
3605,rojo
3592,placer
3582,cerrar
3580,futuro
3580,maravilloso
3572,caja
3569,compania
3568,programa
3562,nene
3558,animal
3525,atencion
3522,ordenar
3506,sino
3505,llegue
3498,regreso
3497,enfermo
3476,sal
3462,pelicula
3460,ello
3438,permiso
3438,crei
3427,gato
3422,aire
3421,george
3402,referir
3396,harry
3395,voz
3393,lleno
3383,abogado
3380,existir
3357,papel
3357,bajar
3352,droga
3346,entendido
3342,tren
3339,senorita
3335,musica
3319,paciente
3302,estupido
3292,robot
3289,traje
3275,james
3273,encontre
3257,llamada
3247,alma
3245,recibir
3241,relacion
3239,Navidad
3234,era
3232,pena
3222,guardia
3211,medico
3210,pelea
3208,accidente
3199,imposible
3196,caballo
3196,caminar
3194,podriamos
3187,dulce
3182,servir
3178,gana
3168,ambos
3156,regalo
3150,segundos
3143,deseo
3135,decision
3133,mitad
3129,caer
3124,cita
3120,tras
3119,peligroso
3102,estrella
3099,asesinato
3089,centro
3083,basura
3079,situacion
3069,comprar
3064,marido
3053,hambre
3052,ataque
3047,culo
3046,dale
3035,gracioso
3033,regla
3021,derecha
3019,izquierda
3016,proxima
3007,banco
3003,escribir
3001,comenzar
2999,herido
2980,vista
2971,loca
2971,hotel
2967,temar
2966,senal
2966,pelo
2964,ayer
2964,americano
2947,accion
2943,tom
2933,imaginar
2929,tendra
2925,tendras
2924,edad
2923,ellas
2921,intento
2921,equivocado
2916,estabamos
2915,ben
2914,pelear
2910,honor
2902,jesus
2901,salvar
2898,ventana
2894,simplemente
2890,aceptar
2885,cargo
2884,abierto
2878,preparado
2874,baja
2873,sol
2872,sientate
2869,dan
2866,divertido
2865,sexo
2864,vuelto
2862,mentira
2858,rico
2855,peligro
2847,mesa
2847,jimmy
2845,siguiente
2838,cliente
2834,joe
2827,robar
2824,mision
2822,silencio
2820,aprender
2818,sale
2818,llegado
2807,estaria
2803,media
2802,carrera
2797,bromear
2792,contacto
2786,posicion
2781,tomo
2772,charlie
2769,oro
2757,enseguida
2753,pistola
2734,contar
2734,ama
2733,esposo
2727,norte
2726,parar
2725,juro
2724,interesante
2723,cancion
2704,duda
2698,tendre
2696,completamente
2690,siete
2685,cumpleanos
2684,casado
2677,alrededor
2676,cerebro
2675,broma
2669,dedo
2667,necesario
2665,edificio
2656,comprender
2649,metro
2640,salio
2640,bala
2629,perdonar
2618,terrible
2616,calma
2614,cena
2613,dare
2607,mando
2606,gobierno
2589,nota
2588,bailar
2584,sargento
2582,volar
2581,destino
2579,bob
2579,apuesto
2579,detener
2575,golpe
2563,azul
2559,unidad
2555,cansado
2553,desear
2546,ira
2543,sala
2542,conocido
2540,traves
2536,iglesia
2535,decia
2532,excelente
2531,diablo
2528,orgulloso
2522,operacion
2521,espada
2519,carne
2507,corto
2504,sucedio
2501,oi
2499,pista
2496,direccion
2492,libertad
2491,ocurrio
2489,principio
2489,toque
2487,molesto
2485,vere
2484,suenos
2481,detective
2480,sorpresa
2478,casar
2471,club
2468,terminado
2466,infierno
2464,creia
2461,luna
2457,estes
2457,espalda
2453,cielos
2453,nivel
2452,teniente
2452,david
2450,completo
2447,escuchame
2446,obra
2440,romo
2439,cuidar
2431,paris
2427,ocupado
2420,consejo
2419,querias
2412,beber
2411,abuelo
2408,totalmente
2404,disparo
2401,vuelo
2395,ante
2393,haras
2393,encontrado
2387,planeta
2384,pared
2382,coronel
2378,diria
2372,base
2371,preferir
2358,entero
2357,suelo
2351,ingles
2347,frio
2344,comandante
2344,robo
2339,partes
2331,precioso
2330,sur
2329,tocar
2325,opcion
2319,rato
2316,mar
2316,espacio
2313,mata
2311,prisa
2311,posibilidad
2309,tienda
2302,mate
2301,camion
2298,camara
2294,segun
2289,reunion
2287,despierto
2283,monstruo
2274,trago
2264,locura
2261,departamento
2260,informe
2257,horrible
2250,carcel
2245,color
2244,isla
2244,fondo
2241,salida
2238,volvere
2237,paul
2237,deje
2229,pedazo
2228,meter
2227,crimen
2227,socio
2223,lograr
2222,causa
2221,bar
2219,sere
2218,ocho
2213,cerrado
2210,temprano
2210,rio
2210,llorar
2199,boda
2199,odiar
2194,respirar
2186,ojala
2181,radio
2181,mary
2180,ray
2180,bill
2179,fantasma
2178,miembro
2178,responder
2174,visita
2166,excepto
2158,esperanza
2157,nervioso
2155,universidad
2155,investigacion
2155,batalla
2153,principe
2150,permitir
2148,hogar
2138,tema
2138,gordo
2133,sabias
2132,respeto
2131,estacion
2131,corte
2127,encuentro
2126,energia
2126,dejado
2126,baile
2125,fbi
2125,zapato
2123,abuela
2121,andar
2119,caliente
2115,rayos
2115,vuestro
2112,simple
2110,presentar
2109,tiro
2097,triste
2096,zona
2096,seras
2095,resultado
2089,salud
2088,preparar
2084,cabron
2079,mike
2079,estaras
2078,cenar
2075,max
2068,seran
2068,flor
2058,interesar
2054,echar
2048,calmate
2044,finalmente
2043,debajo
2042,sentimiento
2041,podrian
2041,bosque
2037,bolsa
2035,taxi
2030,amable
2028,ryan
2028,acaso
2027,detente
2026,imbecil
2024,frances
2021,san
2013,publico
2013,testigo
2011,ayudame
2006,prision
2001,inteligente
1997,fantastico
1997,tarjeta
1993,proximo
1993,bello
1987,levy
1983,entrada
1982,cerveza
1981,unido
1978,matado
1977,asiento
1971,princesa
1971,perdi
1967,medicina
1965,miles
1965,llamare
1965,companero
1958,merecer
1956,bomba
1956,alex
1953,apenas
1952,cuento
1946,piedra
1938,papi
1931,inocente
1931,pelota
1931,despertar
1930,huevo
1928,preocupado
1927,bobby
1921,toca
1919,jodido
1917,olvidalo
1917,militar
1912,acordar
1909,arreglar
1906,dejare
1903,uh
1903,henry
1902,evitar
1900,damas
1900,asegurar
1898,contento
1892,puente
1891,memoria
1889,estudio
1888,muevanse
1888,estudiante
1887,parecia
1885,vestido
1884,tv
1883,riesgo
1881,monton
1877,maquina
1868,mayoria
1867,reina
1867,pago
1864,muestra
1861,don
1859,valor
1857,delante
1855,codigo
1854,heroe
1854,fe
1853,movimiento
1851,capaz
1845,verme
1844,velocidad
1841,partido
1841,luchar
1836,tony
1834,lex
1832,opinion
1831,cocina
1829,sepa
1828,criminal
1825,alta
1825,proteger
1825,marca
1821,encantado
1814,habian
1813,atacar
1810,bastardo
1806,volvio
1805,ejemplo
1804,robert
1804,familiar
1799,profesional
1798,tenian
1798,primo
1794,proposito
1792,asustado
1790,anillo
1790,roto
1788,londres
1786,tendria
1786,motivo
1784,quieto
1783,estilo
1782,cambiado
1780,escapar
1780,eeuu
1778,enamorado
1777,encontro
1776,espiritu
1771,diferencia
1771,coger
1769,precio
1768,compra
1763,doble
1763,agradable
1762,embargo
1758,esten
1757,mami
1757,emergencia
1756,cuello
1754,pete
1753,sentado
1746,experiencia
1742,debia
1740,director
1736,exacto
1736,eddie
1735,dejalo
1733,defensa
1727,confiar
1727,bond
1723,conoci
1722,probar
1719,soio
1718,ai
1717,despacio
1714,vacacion
1714,perdio
1712,chris
1712,uso
1711,verde
1710,bienvenida
1710,aleman
1706,siglo
1704,jim
1702,hablado
1701,guapo
1698,principal
1698,demonio
1696,computadora
1694,leo
1694,ladron
1693,anna
1692,respecto
1691,especie
1689,pidio
1689,exito
1685,mirame
1685,criatura
1679,explicar
1676,piernas
1674,hielo
1670,dejeme
1667,ios
1667,debi
1665,detalle
1663,vendra
1661,matrimonio
1660,habias
1660,escalera
1659,podra
1659,piel
1655,richard
1653,averiguar
1651,eleccion
1650,favorito
1648,descansar
1645,oiga
1642,ultimos
1641,arte
1639,vender
1636,grado
1634,grave
1634,actuar
1634,encantador
1632,comun
1630,llevare
1630,levantate
1630,brillante
1630,piloto
1630,disculpar
1628,calor
1626,controlar
1624,dra
1619,presion
1612,invitado
1611,manejar
1610,trampa
1610,ciento
1607,pierna
1605,senores
1602,efecto
1601,grandioso
1600,cerdo
1599,cayo
1597,nick
1597,cine
1596,escena
1595,tia
1594,danny
1591,teniamos
1588,muevete
1587,solia
1585,depender
1583,policias
1579,mark
1574,puro
1572,oeste
1568,viento
1567,jovenes
1561,carter
1560,washington
1560,estupendo
1559,juicio
1557,carga
1553,banda
1548,estaran
1543,bush
1543,fuente
1539,rata
1537,truco
1535,podras
1535,dudar
1534,mina
1533,nueve
1532,seguramente
1531,volvera
1530,majestad
1530,sospechoso
1529,cantar
1528,aeropuerto
1527,tommy
1525,acabado
1524,enorme
1524,area
1519,ridiculo
1519,reloj
1515,mapa
1515,culpable
1514,pareja
1513,laboratorio
1513,beso
1512,empezo
1511,pedi
1511,nariz
1511,cuestion
1509,cigarrillo
1508,ciencia
1502,verano
1502,pez
1500,peso
1500,billy
1499,oscuridad
1499,charles
1495,television
1495,prensa
1495,johnny
1494,poderoso
1493,vistazo
1492,inmediatamente
1491,solamente
1484,condicion
1482,pantalones
1481,enojado
1471,superman
1469,america
1468,definitivamente
1467,cinta
1467,sucio
1464,fecha
1463,famoso
1460,i
1458,digame
1455,tonterias
1455,tercero
1453,objetivo
1452,pasada
1452,saco
1447,bote
1446,conducir
1441,arbol
1438,interes
1436,proyecto
1436,lana
1435,intencion
1434,salido
1432,joder
1432,absolutamente
1431,romper
1431,levantar
1426,salar
1424,debido
1422,confianza
1419,especialmente
1415,pequenos
1415,paga
1415,ganado
1412,limpio
1411,angeles
1409,ruido
1407,jason
1406,belleza
1405,prisionero
1405,ruso
1404,vera
1403,deberian
1402,lider
1401,andy
1400,mentir
1399,lastima
1396,red
1396,enfermedad
1396,desgraciado
1392,haran
1391,diente
1389,colega
1388,central
1383,marcha
1382,enviar
1380,justicia
1377,cabello
1375,pedido
1375,jugador
1374,oscuro
1373,sarah
1373,embarazado
1373,hueso
1373,meta
1371,costa
1370,dama
1368,feo
1366,vos
1366,tomado
1365,debio
1364,cura
1363,guerrero
1362,lengua
1362,arana
1361,podre
1360,autoridad
1359,voluntad
1358,total
1356,agradecer
1355,partir
1355,lucha
1355,leche
1354,luke
1354,copa
1352,destruir
1351,jerry
1350,acceso
1349,parker
1349,saltar
1347,desastre
1346,herida
1346,debil
1345,naturaleza
1345,extrana
1344,llamame
1344,imagen
1344,lobo
1342,pan
1339,amar
1338,varios
1338,show
1337,auxilio
1337,copia
1331,responsable
1330,olvidado
1330,salvaje
1326,sonido
1326,escrito
1326,carro
1326,antiguo
1322,restaurante
1320,motor
1316,peliculas
1313,aparecer
1311,dueno
1311,cuchillo
1310,caro
1309,turno
1309,tormenta
1309,caray
1305,doc
1304,playa
1304,pensamiento
1303,km
1302,victoria
1301,oiste
1301,lisa
1301,interior
1299,pesadilla
1296,encantaria
1296,actor
1296,super
1292,silla
1291,apartamento
1291,habilidad
1289,tesoro
1289,cortar
1288,dara
1288,necesidad
1288,agarrar
1287,tiburon
1286,mr
1282,valiente
1281,victima
1278,tendran
1277,estupida
1277,envio
1276,steve
1275,diario
1274,senti
1274,autobus
1273,traido
1273,disco
1273,archivo
1271,falso
1270,apurate
1269,descanso
1267,sheriff
1267,mulder
1267,registro
1266,convertir
1265,inglaterra
1263,carl
1261,tamano
1261,colegio
1261,revisar
1260,cabo
1259,video
1257,directo
1254,bruja
1253,sombrero
1252,gritar
1249,proteccion
1247,pecho
1244,cuesta
1244,molestar
1241,lago
1239,b
1239,chino
1238,obviamente
1238,inmediato
1238,atrapado
1237,iras
1237,pecado
1234,matare
1233,laura
1233,apoyo
1231,amenaza
1230,larry
1229,saca
1228,viernes
1228,vecino
1226,lucy
1223,desaparecer
1222,combate
1222,sombra
1219,seccion
1219,profundo
1218,conocia
1217,serie
1217,ed
1217,contrato
1215,paseo
1213,repente
1210,tropa
1210,llevara
1208,susan
1208,decidir
1207,emocion
1206,terrorista
1203,decidido
1202,distancia
1198,eramos
1194,pulso
1194,aguanta
1191,saldra
1190,sobrevivir
1190,bordo
1189,sujeto
1188,epoca
1185,pesar
1184,walter
1184,pieza
1183,ex
1182,gratis
1182,desaparecio
1181,empleo
1176,alejate
1176,ciego
1173,plato
1169,tumba
1169,matt
1169,huella
1169,absoluto
1167,kent
1166,propiedad
1166,dormido
1166,rodilla
1165,castillo
1164,china
1160,dato
1159,torre
1159,amante
1157,botella
1157,aquellos
1156,ultimamente
1155,s
1154,periodico
1154,kate
1154,juez
1154,historia
1154,creeme
1153,esquina
1152,milla
1151,techo
1151,genio
1150,alerta
1144,privado
1144,joey
1143,nacional
1142,ross
1141,discutir
1141,mostrar
1140,evidencia
1139,c
1136,tomare
1136,presente
1135,scott
1134,premio
1133,sientese
1130,mir
1129,oler
1129,civil
1129,juguete
1126,natural
1124,enfermero
1124,angel
1123,local
1122,camisa
1121,olvido
1119,confia
1117,venganza
1117,federal
1116,parque
1116,entrado
1116,logro
1114,chloe
1113,vario
1113,harias
1112,menudo
1112,dejenme
1112,barrio
1111,virus
1111,talento
1111,ministro
1110,expediente
1108,responsabilidad
1108,numeros
1107,pertenecer
1107,desayuno
1107,dave
1107,campeon
1105,maria
1104,nieve
1104,mexico
1104,howard
1103,maleta
1101,verguenza
1100,fumar
1099,europa
1099,athena
1097,pastel
1096,empiece
1094,centavo
1092,perdoname
1091,reino
1091,clave
1090,jake
1089,r
1089,plata
1088,universo
1088,politica
1088,almuerzo
1087,magia
1087,lluvia
1087,humor
1086,veia
1086,gane
1084,julie
1084,conversacion
1083,olor
1082,tanque
1081,modelo
1081,jane
1080,curso
1078,canal
1077,rock
1077,borracho
1074,vayanse
1074,sentia
1071,william
1071,parado
1069,mirada
1069,inutil
1069,californio
1066,sociedad
1065,camioneta
1064,cono
1063,revista
1063,parecio
1063,montana
1061,maximo
1061,corriente
1060,desnudo
1058,cadaver
1057,ron
1057,espectaculo
1056,frodo
1055,mundial
1055,francia
1054,aspecto
1053,presencia
1053,investigar
1051,relajate
1051,ala
1050,carretera
1048,cable
1047,rosa
1047,bola
1046,oferta
1045,helen
1043,continuar
1041,rachel
1041,humanidad
1041,estomago
1041,conto
1041,soportar
1039,mercado
1039,apagar
1037,granja
1035,roger
1035,ias
1035,adam
1035,empleado
1034,nosotras
1034,fortuna
1034,serpiente
1031,suficientemente
1026,perfectamente
1023,jardin
1022,cola
1022,armado
1019,troya
1019,tercera
1018,martin
1017,entrenamiento
1017,doug
1017,azucar
1016,metido
1014,lunes
1014,ey
1014,vampiro
1013,new
1012,efectivo
1012,chicago
1011,dei
1009,helicoptero
1008,original
1008,cadena
1007,tarea
1007,companeros
1007,cirugia
1006,quitate
1006,querian
1006,lord
1005,sara
1005,comenzo
1004,inspector
1003,felicidades
1003,desaparecido
1003,acto
1002,pollo
1002,elizabeth
1002,chocolate
1001,resultar
1001,gas
1000,examen
999,apuesta
998,jean
997,directamente
996,recuperar
995,pongo
995,cobarde
995,cantidad
994,emperador
993,mono
991,gloria
991,contrario
991,saque
989,socorro
989,sir
988,seth
988,nuevamente
987,obtener
986,busqueda
984,helado
984,futbol
983,sexual
983,polvo
982,rostro
982,robado
982,empresa
981,objeto
981,vigilar
980,largate
980,disculpeme
978,firma
977,cristo
975,senador
975,continua
974,gracia
974,cien
974,ciudadano
973,texas
973,jones
973,des
972,tratado
971,urgencia
971,u
971,raymond
970,muneca
970,firme
970,ambulancia
970,adulto
969,limpia
969,habeis
969,flota
966,leyenda
965,arturo
962,rescate
962,enfrente
962,comienzo
962,arboles
961,x
961,queso
960,frontera
959,jueves
957,shrek
957,sabado
957,limpiar
956,puto
954,letra
953,irak
953,inteligencia
953,felicitacion
953,escapo
952,japones
951,milagro
951,deprisa
946,vela
945,campamento
945,considerar
944,rumor
942,recoger
941,will
941,elegir
941,cancer
937,pata
937,huir
936,util
935,sonny
935,recien
935,querria
935,alcance
934,smith
934,secretario
929,desierto
928,t
928,licencia
927,fiona
926,proceso
925,tension
925,martes
924,kilometros
924,cartera
923,trafico
923,guarda
923,disfrutar
922,impresionante
921,victimas
920,domingo
919,quedara
918,extra
917,confio
916,sabido
916,analisis
915,fria
914,violencia
914,discurso
913,sexi
913,orgullo
913,moneda
912,libra
912,agencia
910,rose
910,descubrir
910,oreja
909,tira
909,resolver
906,pondre
905,volando
905,mios
905,celular
904,vincent
904,claire
902,hablare
902,daniel
898,vacio
898,salon
898,compre
895,ted
893,bravo
893,alan
890,promesa
890,espejo
890,digale
888,medicos
887,cero
886,escribio
884,cheque
880,podias
880,entrenador
879,paciencia
878,complicado
877,superior
877,sugerir
877,dira
875,temporada
875,suelta
875,Jackie
874,dispuesto
874,ayudenme
873,teoria
873,negativo
873,ibamos
871,tripulacion
871,taza
870,parecido
870,brian
868,gay
868,cooper
868,medida
867,senoras
867,quedare
867,parada
866,ninas
866,consegui
865,normalmente
865,muchisimo
863,vega
863,matara
863,kevin
863,funeral
862,teatro
862,medianoche
862,biblioteca
859,tunel
859,encargo
858,penso
858,correo
858,dibujo
856,piscina
856,paquete
856,alice
856,causar
855,suicidio
854,molly
854,credito
854,consigo
854,carol
853,legal
852,ganador
851,stopping
851,guia
850,oso
850,lei
850,explosion
849,stan
849,lois
848,sorprender
848,nacion
848,arena
847,mentiroso
846,asesinado
844,vehiculo
844,importancia
844,distinto
843,pintura
843,conciencia
842,maquinas
841,traere
840,veinte
838,viktor
838,transporte
838,labio
837,senoria
836,doce
836,cuidate
835,pasillo
833,tele
831,rapida
831,precisamente
831,cumplir
829,senales
828,am
827,sueltame
826,pescado
826,daria
825,templo
825,placa
822,podran
821,atrapar
820,temperatura
820,explicacion
820,enviado
820,contado
820,asistente
819,imperio
818,curioso
817,manten
815,morira
814,vision
814,montanas
814,jeff
813,d
813,comido
812,construir
812,comunidad
811,veran
811,felicidad
811,ee
811,diversion
809,thomas
809,quita
809,museo
809,desearia
808,misterio
808,aviso
808,almirante
807,solucion
806,pequenas
806,faltar
806,combustible
805,leido
804,tirar
804,esfuerzo
803,boleto
801,uu
800,pajaro
800,coma
800,abra
799,rocky
799,joseph
799,bolsillo
797,gasolina
797,conexion
795,lineas
795,estarias
795,ayudara
793,rumbo
793,rompio
792,muera
792,material
791,diamantes
790,rapidamente
790,mirate
790,escritorio
788,incendio
787,dimelo
787,aparte
785,roy
785,leccion
785,abrigo
784,julio
782,pene
782,conejo
781,ruta
781,asqueroso
780,ocupada
780,Jenny
780,Emily
779,Ethan
779,decirselo
778,oscar
778,honesto
778,entrevista
778,Antigua
777,humo
777,condado
776,conseguido
775,viajar
775,sabra
775,lio
775,estais
775,entrega
775,Dracula
775,compartir
775,Angeles
774,sonrisa
774,sencillo
774,aburrido
773,dragon
773,Anne
772,volvi
772,planta
772,clima
772,adoro
771,suave
771,Marina
771,bolso
771,betty
771,alarma
770,vivia
770,quedese
770,plano
769,recompensa
769,Hollywood
769,agujero
768,Jackson
767,entendi
766,sotano
765,iria
765,fiebre
765,dejala
765,boton
763,uniforme
762,vaso
762,documento
761,ruego
761,king
761,comodo
760,visitar
760,vigilancia
760,nadar
760,altura
759,Gary
758,izquierdo
758,alejandro
757,tecnologia
757,raza
757,conde
756,social
756,gobernador
755,pedro
755,cubierta
755,chiste
755,celda
754,personalmente
754,Miller
754,amistad
753,nacio
753,interesado
753,educacion
753,curiosidad
752,repetir
752,mortal
752,manda
752,claramente
751,via
751,identificacion
751,dirigir
751,declaracion
750,bestia
749,veneno
747,privada
747,jurado
745,Lenny
745,garganta
744,invierno
744,fila
743,Ricky
743,miel
741,madera
741,burro
741,artista
740,Sophie
740,Louis
740,impresion
740,cruzar
739,Scully
739,grial
739,chaqueta
739,alcalde
738,usado
738,reputacion
738,oxigeno
737,Liz
736,experto
735,oceano
735,ciar
734,bombo
734,alcohol
733,pizza
733,Patrick
732,recibi
732,aparecio
732,actitud
731,places
731,cristal
731,Bourne
731,Amy
730,caido
729,j
728,sensacion
728,seguido
727,whisky
727,pantalla
727,bebida
726,estudiar
726,ducha
726,despedido
726,consiguio
725,venia
725,disculpame
725,articulo
725,aparentemente
724,trauma
724,contesta
724,ambiente
723,prometi
722,mostrare
722,Berlin
721,hallar
720,instruccion
719,ritmo
719,quedense
718,suponia
718,Marcus
717,palacio
717,Gordon
717,encontrare
716,venta
716,urgente
716,sali
716,cuerdo
715,vendria
715,instante
714,secundaria
714,colina
713,porqueria
713,dean
712,pondra
711,empece
710,phoebe
710,moto
709,opinar
709,descubierto
709,convertido
709,asegurate
708,summer
708,kilo
708,Florida
707,tomara
707,sufrir
707,mental
707,instituto
706,um
705,vd
705,vayase
705,Alemania
704,bolo
703,Luthor
702,pasaria
702,ilegal
702,fresco
701,tomalo
701,cuan
701,bota
700,Marissa
700,adivino
699,cruz
699,campana
697,galleta
697,frecuencia
697,danos
695,pasion
695,Julia
695,Joel
695,hacerse
695,comportamiento
694,conocimiento
694,bin
693,fiscal
692,camaras
692,amanecer
691,convirtio
691,aldea
691,abandonar
690,obvio
690,habiamos
690,apestar
690,abandonado
689,volveras
689,Kim
688,launching
688,dificiles
687,vivido
687,roca
687,maravilla
687,space
687,conductor
687,camarada
686,caramba
685,sopa
685,envia
685,casino
685,alteza
684,Karen
684,identidad
683,guardar
683,arresto
680,probable
678,importaria
678,firmar
677,Houston
677,hagamoslo
676,tigre
676,harto
675,periodicos
674,lento
673,Simon
673,ie
673,cruel
673,city
672,senoritas
672,gigante
672,dick
669,incidente
669,escenario
669,diras
668,biblia
667,reporte
667,moda
666,reaccion
666,falla
666,castigo
665,facilmente
665,caza
665,Annie
664,magnifico
664,decidi
663,superficie
663,procedimiento
663,asalto
662,virgen
659,quitar
659,donna
658,noble
658,laden
658,hierba
658,excelencia
658,asco
657,white
657,titulo
657,regresare
657,ejercicio
656,pasaporte
656,extranos
656,afortunado
655,iran
654,sacerdote
654,impuesto
654,crisis
654,aventura
653,to
653,panico
653,oz
653,enseno
651,ultimas
651,pagina
651,grace
651,enterprise
649,ventaja
649,Boston
648,usr
647,vendran
646,xena
645,pesado
644,Warren
644,jesucristo
643,treinta
643,earl
643,capacidad
642,senado
642,Grant
642,decidio
641,preparense
641,asustar
641,aquiles
641,and
641,aguantar
640,Cohen
640,aprendi
639,teneis
639,alegria
638,territorio
638,fisica
638,escape
637,sandy
637,excusa
637,Arthur
636,Shaw
636,septiembre
636,personaje
636,fabrica
636,elegido
636,cole
635,conferencia
635,compromiso
635,ayudare
634,exterior
633,punta
632,puerto
632,decirtelo
632,asombroso
631,mataran
631,competencia
630,Miranda
630,cinturon
629,saint
629,marco
629,destruccion
628,terry
628,paraiso
628,alternativa
626,w
626,ocasion
625,salsa
625,Rome
625,fogg
625,comercial
624,primavera
624,metio
624,Luther
624,Johnson
623,mandar
623,lucir
622,sagrado
622,nacido
622,fabuloso
622,echo
621,potencia
621,adn
620,permitame
619,coincidencia
619,bandera
619,adivinar
618,Wilson
618,tubo
618,partida
618,hombro
617,sabian
617,recibio
617,Marty
617,celebrar
617,armario
616,teto
616,paliza
615,sabor
615,miralo
615,lata
615,heroes
615,aigo
614,escribi
614,comite
614,bendecir
613,oyo
613,imaginacion
613,funciono
612,higado
612,cierre
612,cabina
611,queriamos
611,japon
611,cuentame
610,rastro
610,compro
610,anterior
610,acero
609,comisario
609,catherine
608,refuerzo
608,pagare
608,Miami
608,armada
606,verdaderamente
606,Napoleon
606,limite
605,diamante
604,secuestro
604,casco
603,francisco
602,poca
602,jugo
602,congreso
602,cementerio
601,prostituto
601,consecuencia
600,terreno
600,salvado
600,igualmente
600,circunstancia
599,Marie
599,Jill
599,amen
598,katie
598,Evan
597,personalidad
597,muro
597,contestar
596,particular
596,llevame
596,gimnasio
596,Garfield
596,emocionante
596,desgracia
596,cientifico
596,buddy
595,v
595,terapia
595,Phil
595,patrulla
595,globo
595,despejado
595,creado
594,naci
594,lanning
594,embajador
593,posiblemente
593,malvado
593,dormitorio
593,despacho
593,desagradable
592,riddick
592,recibo
592,nuclear
590,aprecio
589,popular
589,extranas
588,tonteria
587,seiya
587,organizacion
587,jedi
586,sally
586,querras
586,querra
586,kelly
586,infeccion
586,decente
585,logrado
585,jersey
584,Wayne
584,canta
584,bebes
583,pozo
583,India
583,esperado
583,ensenar
583,brown
582,internet
582,encanto
582,africa
582,adorable
581,rica
581,Harold
580,marihuana
579,traidor
579,martha
579,clinica
578,preferiria
578,podian
578,Fred
578,division
577,sector
577,perdedor
577,patron
577,encontrara
577,crema
577,barry
576,planeado
576,edward
575,tecnica
575,nacimiento
575,esperare
574,tim
574,destruido
574,performers
574,ascensor
574,andrew
572,salve
572,encargare
571,Maggie
571,arrestado
570,union
570,permanecer
570,muestrame
570,movil
570,Louise
570,Juan
570,canon
570,Bruce
569,tribunal
569,satelite
569,intentare
569,coca
569,black
568,simbolo
568,roco
568,putas
568,pendejo
568,matalo
568,judio
567,subtitulos
567,cientificos
566,navorski
566,metal
566,despedida
565,golf
565,defender
565,crecer
563,n
563,comunicacion
562,probado
562,hablame
562,detenido
561,sabria
560,prohibido
560,pajaros
560,kane
560,conveyance
559,willie
559,podiamos
559,junior
559,imagenes
559,acusado
558,lealtad
558,cazador
556,sofa
556,mac
556,homicidio
556,electricidad
556,advertencia
555,fijate
555,deuda
555,celoso
555,bicicleta
554,mejorar
554,escudo
554,cueva
554,aerea
553,nathan
553,ciertamente
553,aaron
552,you
552,mcdonalds
552,elegante
552,divorcio
552,deposito
552,concierto
551,transmision
551,mataria
550,wyatt
550,onda
549,aliento
549,academia
548,patio
548,funcion
548,benton
547,preguntale
547,palo
547,internacional
547,heather
547,esclavo
546,version
546,sacrificio
546,judios
546,in
546,fotografia
546,delicioso
546,crimenes
545,zorra
545,valle
545,lentamente
545,arreglo
544,volveria
543,romantico
543,fascinante
543,cuadro
543,creyo
542,wow
542,sobrino
542,secuencia
542,nicky
542,huh
541,resistencia
541,greene
540,disponible
540,caos
540,audrey
539,ponerle
539,logica
539,casualidad
538,rayo
538,pato
538,pagado
538,mascara
537,selva
537,pm
537,equivoque
537,condenado
537,cometido
536,west
536,travis
535,tragedia
535,poli
535,oliver
535,companias
535,charla
534,cadaveres
534,basicamente
533,funcionara
533,conte
533,construccion
532,infeliz
531,vendar
531,rutina
531,caida
531,almorzar
531,actividad
530,coraje
530,aterrizar
530,actuacion
529,vietnam
529,h
529,cynthia
529,ayudante
528,vaca
528,dc
528,cirujano
527,olvidate
527,okay
527,entregar
527,encerrado
526,rubio
526,kong
526,joya
526,buzz
526,amado
525,romano
525,piedad
525,hacian
525,furia
525,admitir
524,tendrias
524,respiracion
524,preparate
524,confundido
523,sufrimiento
523,saludo
523,l
523,golpear
523,garaje
523,buscare
522,revolucion
522,motel
522,alianza
521,otto
521,estupidez
520,sangrar
520,miserable
520,ideal
520,empiezo
519,heroina
519,damelo
518,vecindario
518,cerebral
517,plastico
517,piano
517,lewis
517,dosis
517,benny
517,apolo
517,agradar
516,tocado
516,tios
516,rifle
516,renunciar
516,incluir
516,hoyo
516,espanol
515,rotating
515,municion
515,beisbol
514,ja
513,sesion
512,montar
512,ma
512,espia
511,salto
511,impacto
511,comando
511,autorizacion
510,honestamente
510,existencia
510,clara
510,alcanzar
509,octubre
509,g
509,barato
509,apostar
508,requerir
508,various
507,traeme
507,rick
507,progreso
507,hacias
506,serias
506,rusia
506,piensalo
506,coleccion
505,sufrido
505,heleno
505,harris
504,terror
504,salva
504,salga
504,lanza
503,quince
503,prometido
503,preciso
503,pirata
503,park
503,moral
503,kyle
502,sonando
502,servira
502,moscu
502,minimo
502,escondido
502,eric
502,demostrar
501,perrito
501,jordan
501,habran
501,experimento
501,diseno
501,barra
501,anciano
501,alfombra
501,actriz
500,tono
500,remedio
500,gris
500,contare
499,sentada
499,grito
498,piper
498,josh
498,campeonato
498,apurense
497,reir
497,maricon
497,actua
496,periodista
496,estelar
496,escritor
496,encontraras
496,adecuado
495,lady
495,hierro
495,enterrado
495,big
494,sincero
494,sharon
494,representar
494,positivo
494,italia
494,acercar
493,petroleo
493,encargado
493,capitulo
492,ensenare
492,breve
492,atrever
491,subete
491,sed
491,patetico
491,caracter
490,plaza
490,obispo
490,involucrado
490,frankie
490,daran
489,robin
488,rueda
488,practicamente
488,golpeo
488,costado
488,conducta
487,medica
487,manzana
487,jonathan
487,escuadron
486,reconocer
486,gallina
486,borde
486,actual
485,victor
485,polly
485,invito
485,inconsciente
485,abrio
484,shaun
484,cuartel
484,consciente
483,tranquilizate
483,residencia
483,maxima
483,grasa
483,celulas
482,retroceder
482,recepcion
482,explotar
482,corona
482,calidad
482,ayudeme
482,absurdo
481,reves
481,producto
481,nancy
481,dj
480,practica
480,francamente
480,calvin
480,afganistan
479,trozo
479,tomate
479,manual
479,encender
479,cercano
478,pasta
477,sabras
477,p
477,morgan
477,limpieza
477,estadounidense
477,desafortunadamente
477,conocio
476,pinta
476,cocinar
476,cima
476,atractivo
475,necesitare
475,interrumpir
475,apropiado
474,presentimiento
474,enviare
474,deporte
473,pastilla
473,ceremonia
472,tina
472,muelle
472,k
472,desconocido
472,conseguire
471,taylor
471,refugio
471,arruinado
470,vomitar
470,pasajero
470,disfraz
470,continue
470,arreglado
469,seguira
469,razonable
469,puesta
469,masaje
469,lagrimas
469,extranjero
469,carlos
469,apellido
469,alguacil
468,tracy
468,temporal
468,mayo
468,egoista
468,aceite
467,miercoles
467,indio
467,creasy
467,bolsas
467,anuncio
466,tirado
466,notar
466,mutante
466,grecia
466,diselo
466,cesar
465,stanley
465,holly
465,cocaina
465,amarillo
465,acabara
464,maldad
464,gustara
464,eliminar
464,corbata
464,burke
463,sabiamos
463,medalla
463,lionel
463,jaula
463,chofer
462,informado
462,fox
462,fatal
462,enfadado
462,cubierto
462,companera
461,ronda
461,regina
461,cobra
461,cantante
461,abrazo
460,referia
460,indicar
460,gravedad
460,estupidos
460,collar
460,cincuenta
459,naturalmente
459,embajada
459,desayunar
459,dejaria
458,agarrate
458,aereo
457,traicion
457,seguire
457,podeis
457,noel
457,italiano
457,corazones
457,ave
457,advertir
456,publica
456,newman
456,monje
456,escoger
455,teddy
455,pico
454,priorato
454,industria
454,cretino
454,cafeteria
454,cabana
453,tradicion
453,suelto
453,publicidad
453,oidos
453,hitler
453,dieta
453,capa
452,vendras
452,sincronizado
452,neil
452,historial
452,guion
452,enano
452,devolver
451,solitario
451,misil
451,hall
451,bridget
451,brad
450,vaquero
450,unicos
450,sano
450,liga
450,gerente
450,cindy
450,caridad
449,religion
449,jon
449,fotografias
448,rezar
448,ninera
448,naranja
448,jugada
448,gandalf
448,esperame
448,ensenarte
448,cohete
446,volveran
446,potter
446,maletin
446,lenguaje
446,jenna
446,invitacion
445,rehen
445,margaret
445,freddy
445,descubri
445,audiencia
445,agenda
444,wallace
444,sigueme
444,sensible
444,sammy
444,reverendo
444,quereis
444,dex
444,cazar
443,roso
443,retiro
443,matthew
442,teme
442,smallville
442,siganme
442,juventud
442,equivocar
441,trabajador
441,segui
441,pulmon
441,payaso
441,oirlo
441,fama
441,engano
441,distrito
441,davis
440,equipaje
439,ubicacion
438,ofrecer
438,of
438,junio
438,extremadamente
437,traduccion
437,mei
436,tipico
436,reserva
436,propuesta
436,plataforma
436,mago
436,hank
435,tabaco
435,lou
435,sleeping
435,costo
434,temer
434,rollo
434,no se
434,hechizo
434,gusano
434,guau
433,st
433,horario
433,envie
433,concurso
433,colt
433,autopista
433,ataco
432,vendedor
432,rebelde
432,radar
432,madame
432,expresion
432,carla
431,resulto
431,hagalo
431,greg
431,exposicion
431,aterrizaje
431,apetecer
430,sorprendente
430,cortado
429,preso
429,lastimar
429,explosivo
428,telly
428,moriras
428,mickey
428,cuero
428,confesion
428,circulo
427,sabeis
427,quimica
427,invisible
427,fase
427,esconder
426,vacia
426,sientense
426,pastor
426,llegada
426,jesse
426,gatillo
425,telefonos
425,regresara
425,olvidare
425,luca
425,limites
425,jovencito
425,hong
425,britanico
425,balboa
424,psiquiatra
424,negociar
424,hill
424,formar
424,fiel
424,diosa
424,descubrio
424,abril
423,saldre
423,mias
423,atender
422,samantha
422,rosie
422,hannah
422,cumplido
422,brindis
421,villa
421,trono
421,thunderbird
421,samurai
421,salia
421,produccion
421,lavar
421,jazz
421,extraordinario
421,angie
420,nervio
420,estable
419,michelle
419,instinto
419,episodio
419,aniversario
419,angela
419,anderson
418,trabaje
418,rango
418,preocupacion
418,metete
418,imagine
418,fenomeno
418,demanda
418,damien
417,negar
417,molestia
417,kirk
417,extremo
417,debilidad
417,compasion
417,aproximadamente
417,afecto
417,administracion
416,reconocimiento
416,recientemente
416,practicar
416,pandilla
416,miss
416,mates
416,britanicos
416,abby
415,sueldo
415,siguio
415,significado
415,miente
415,guitarra
415,custodia
414,sydney
414,risa
414,quemar
414,prometio
414,observar
414,lectura
414,jodete
414,considerado
414,cometer
413,wong
413,shock
413,satisfecho
413,saludable
413,lanzar
413,ken
413,hoja
413,concepto
413,colgar
413,apuntar
412,renta
412,pedire
412,mediodia
412,influencia
412,figura
412,ensayo
412,coordenado
412,bart
412,albert
411,politico
411,paises
411,once
411,karl
411,graduacion
411,frase
411,eterno
411,descuida
410,toalla
410,proximos
410,griego
410,corredor
410,atravesar
410,aguas
409,modales
409,eternidad
409,charlotte
409,buck
408,ralph
408,quema
408,poema
408,espiritual
408,costumbre
408,comence
408,cabra
408,alquiler
407,williams
407,vencido
407,tratare
407,quinto
407,philip
407,normar
407,jose
407,generacion
407,formacion
407,estructura
407,concentrate
407,multiple
406,virginia
406,temor
406,republica
406,recurso
406,presentacion
406,piramide
406,oficialmente
406,maquillaje
406,guardaespaldas
406,contener
406,bendicion
405,semejante
405,cultura
405,comio
405,antecedente
404,tendriamos
404,representante
404,prestado
404,posesion
404,nube
404,guante
404,ensena
403,Jennifer
403,Dana
402,Lane
402,considerando
402,capital
402,animo
401,utilizar
401,llevate
401,gafas
401,espiritus
401,do
400,Watson
400,ruby
400,pagara
400,maiz
400,ho
400,estacionamiento
400,aguja
399,Turner
399,sacare
399,fortaleza
399,Donald
399,corea
399,conversar
399,calmese
398,volante
398,sucedera
398,Jessica
398,decias
398,data
398,civilizacion
398,arruinar
397,toco
397,Mitch
397,Megan
397,Logan
397,fantastica
396,violacion
396,pam
396,hemorragia
396,fianza
396,docena
396,celula
396,callado
395,profundamente
395,furioso
395,desperte
395,cicatriz
395,bebido
395,acercate
394,policial
394,pasear
394,masa
394,global
394,escapado
394,dino
394,cuarta
394,bienes
394,aparato
393,steven
393,sosten
393,realizar
393,permitire
393,comision
392,vidrio
392,presa
392,morfina
392,habrian
392,columna
391,patas
391,oirme
391,ocultar
391,objecion
391,myers
391,generalmente
391,cubrir
390,tenis
390,potencial
390,murphy
390,levante
390,escala
390,enfrentar
390,cuanta
389,sobra
389,paginas
389,organos
389,leon
389,decian
389,barbaro
389,admirar
388,voto
388,soltar
388,reto
388,infarto
388,cuyo
388,construyo
388,besar
387,portal
387,monte
387,discusion
387,digno
386,pocion
386,perdoneme
386,monica
386,generoso
386,estatua
386,convencer
385,woody
385,rob
385,paige
385,gabrielle
385,fracaso
385,bombero
384,ze
384,sorprendido
384,protegido
384,meti
384,conflicto
384,codigos
383,seco
383,green
383,dejaras
383,convencido
382,yeah
382,mencionar
382,gasto
382,estariamos
382,encontraran
382,billete
382,arco
381,talvez
381,saludar
381,queja
381,planear
381,marica
381,habrias
381,estarian
381,dejaran
381,castle
381,acostumbrado
380,Tyler
380,torneo
380,morris
380,kg
380,dirias
380,confirmar
379,vaco
379,quirofano
379,origen
379,fusion
379,debera
378,serian
378,seguia
378,sabran
378,pasaje
