901846,que,que
880533,de,de
819699,no,no
611752,a,a
579239,la,la
496588,el,el
455669,es,ser
431626,y,y
419569,en,en
384105,lo,lo
367663,un,un
281330,por,por
271508,que,que
265738,me,me
237320,una,uno
221906,te,te
208081,los,los
203606,se,se
186404,con,con
176975,para,para
164158,mi,mi
162001,esta,este
161207,si,si
145125,bien,bueno
137415,pero,pero
131597,yo,yo
131278,eso,eso
130178,las,las
128963,si,si
124712,su,su
114982,tu,tu
108363,aqui,aqui
107237,del,del
106581,al,al
103093,como,como
95140,le,el
93086,mas,mas
86414,esto,esto
80722,ya,ya
80303,todo,todo
80239,esta,este
77603,vamos,vamos
71768,muy,muy
70847,hay,haber
69168,ahora,ahora
67686,algo,algo
67269,estoy,estar
64410,tengo,tener
61613,nos,nos
61188,tu,tu
58182,nada,nada
57509,cuando,cuando
56993,ha,haber
56720,este,este
56640,se,se
56060,estas,este
56027,asi,asi
54065,puedo,poder
53984,como,como
53182,quiero,querer
53001,solo,solo
52436,soy,ser
52317,tiene,tener
51700,gracias,gracias
50711,o,o
50348,el,el
49997,bueno,bueno
49660,fue,ir
48858,ser,ser
47951,hacer,hacer
46687,son,son
46246,todos,todo
45986,era,ser
45976,eres,ser
45289,vez,vez
44842,tienes,tener
43419,creo,crear
43044,ella,ella
43039,he,he
41337,ese,ese
40525,voy,ir
39279,puede,puede
38981,sabes,sabes
38193,hola,hola
37939,sus,sus
37344,porque,porque
37179,dios,dios
37048,quien,quien
36804,nunca,nunca
36597,donde,donde
36495,quieres,querer
36471,casa,casa
36008,favor,favor
35810,esa,ese
35659,dos,dos
35392,tan,tan
35350,senor,senor
35323,tiempo,tiempo
34780,verdad,verdad
34278,estaba,estar
33822,mejor,mejor
33779,estan,estan
33430,va,ir
33418,hombre,hombre
33388,usted,usted
33126,mucho,mucho
32752,hace,hacer
32738,entonces,entonces
32509,siento,sentar
32278,tenemos,tener
31087,puedes,poder
30871,ahi,ahi
30241,ti,tu
30193,vida,vida
30078,ver,ver
28668,alguien,alguien
28512,sr,Sr.
28288,hasta,hasta
28224,sin,sin
28032,mi,mi
27777,solo,solo
27497,anos,anos
27308,sobre,sobre
27267,decir,decir
27231,uno,uno
27032,siempre,siempre
27012,oh,oh
26440,ir,ir
26385,cosas,cosa
26380,tambien,tambien
26182,antes,antes
25839,has,haber
25808,ni,ni
25698,mis,mi
25128,dia,dia
24873,estar,estar
24838,estamos,estar
23802,noche,noche
23720,nadie,nadie
23486,otra,otro
23437,quiere,querer
23345,parece,parecer
23218,nosotros,nosotros
23142,poco,poco
22847,padre,padre
22692,trabajo,trabajo
22682,gente,gente
22612,mira,mira
22408,vas,ir
22318,sea,ser
22108,les,les
22108,donde,donde
21822,mismo,mismo
21794,hecho,hecho
21719,ellos,el
21108,dijo,decir
20596,pasa,pasa
20300,dinero,dinero
19958,hijo,hijo
19851,tal,tal
19479,otro,otro
19368,hablar,hablar
19295,seguro,seguro
19178,claro,claro
18775,estas,este
18752,lugar,lugar
18726,mundo,mundo
18582,amigo,amigo
18474,espera,espera
18459,mierda,mierda
18453,han,haber
18370,tus,tu
18336,sabe,saber
18115,despues,despues
17973,momento,momento
17891,desde,desde
17816,fuera,fuera
17755,cosa,cosa
17742,tipo,tipo
17701,manana,manana
17075,podemos,podar
16903,dije,dije
16657,gran,grande
16629,necesito,necesitar
16361,estado,estado
16203,podria,podria
16201,acuerdo,acuerdo
16091,papa,papa
15981,tener,tener
15976,dice,decir
15928,mio,mio
15900,crees,crear
15836,buena,buena
15711,gusta,gustar
15704,nuestro,nuestro
15677,nuevo,nuevo
15624,sera,sera
15575,haciendo,hacer
15509,dias,dia
15496,nombre,nombre
15479,buen,bueno
15468,habia,habia
15454,ven,venir
15409,tres,tres
15360,menos,menos
15354,debe,deber
15230,tenia,tenia
15165,mal,malo
15109,conmigo,conmigo
15059,madre,madre
15029,hoy,hoy
14992,quien,quien
14631,sido,ser
14533,mama,mama
14509,tienen,tener
14237,luego,luego
14137,todas,todo
13904,alli,alli
13755,toda,todo
13644,hora,hora
13579,mujer,mujer
13428,visto,visto
13421,haces,haz
13343,importa,importar
13331,contigo,contigo
13190,ve,ve
13172,tarde,tarde
13170,oye,oye
13145,parte,parte
13090,haber,haber
13066,hombres,hombre
12884,problema,problema
12852,mas,mas
12761,saber,saber
12694,queria,queria
12626,aun,aun
12612,veces,veces
12569,nuestra,nuestro
12461,hacerlo,hacer
12318,cada,cada
12052,hizo,hacer
12032,veo,ver
12011,tanto,tanto
11993,razon,razon
11968,ustedes,ustedes
11832,idea,idea
11684,esos,ese
11631,van,van
11557,quiza,quiza
11533,debo,deber
11504,alguna,alguno
11488,cierto,cierto
11337,ud,oud
11335,muerto,muerto
11228,unos,un
11181,estos,este
11160,salir,salir
11152,policia,policia
11034,realmente,realmente
11015,demasiado,demasiado
10942,familia,familia
10847,pueden,poder
10846,cabeza,cabeza
10733,hemos,hemo
10596,amigos,amigo
10488,chica,chico
10485,carino,carino
10472,lado,lado
10407,alla,alla
10385,entre,entre
10380,minutos,minuto
10367,digo,digo
10364,algun,algun
10270,serio,serio
10201,cuidado,cuidado
10161,paso,paso
10153,buenas,buenas
10121,somos,ser
10109,amor,amor
9983,puerta,puerta
9947,ves,ver
9943,vaya,vaya
9939,ah,relief
9820,suerte,suerte
9797,eh,eh
9776,rapido,rapido
9711,cuenta,cuenta
9645,quizas,quizas
9613,io,io
9582,esas,ese
9541,pues,pues
9445,pasado,pasado
9441,pense,pense
9334,todavia,todavia
9312,hermano,hermano
9268,debes,deber
9261,casi,casi
9229,forma,forma
9213,aqui,aqui
9185,chico,chico
9146,ok,ok
9125,dicho,dicho
9099,nueva,nueva
9091,sabia,sabio
9090,muchas,mucho
9071,dentro,dentro
9038,hice,hacer
9022,contra,contra
8960,auto,auto
8917,camino,camino
8913,ayuda,ayuda
8911,primera,primera
8886,hacia,hacia
8885,vi,ver
8881,miedo,miedo
8821,adios,adios
8817,primero,primero
8793,deberia,deberia
8725,poder,poder
8677,ninos,ninos
8663,seria,serio
8662,historia,past
8645,hey,hey
8602,mientras,mientras
8581,ciudad,ciudad
8571,dijiste,decir
8501,espero,esperar
8480,cuanto,cuanto
8464,esposa,esposa
8432,pronto,pronto
8428,chicos,chico
8418,cualquier,cualquiera
8410,viejo,viejo
8404,debemos,deber
8384,deja,deja
8371,ano,ano
8343,muerte,muerte
8342,hablando,hablar
8328,manos,mano
8328,da,dar
8320,loco,loco
8232,problemas,problema
8191,mano,mano
8160,guerra,guerra
8111,semana,semana
8084,pasar,pasar
8068,vale,vale
8007,cual,cual
8002,viene,venir
7897,volver,volver
7895,toma,toma
7892,caso,caso
7882,agua,agua
7857,hare,hare
7853,vete,ir
7839,entiendo,entender
7837,horas,hora
7816,personas,persona
7775,capitan,capitan
7762,adelante,adelante
7725,nino,nino
7724,listo,listo
7683,noches,noche
7659,buenos,bueno
7652,iba,ir
7641,juntos,junto
7578,dame,dar
7569,unico,unico
7568,dejame,dejar
7555,cerca,cerca
7548,otros,otro
7539,sigue,seguir
7534,grande,grande
7523,arriba,arriba
7503,jefe,jefe
7487,habla,habla
7440,supongo,suponer
7433,manera,manera
7406,quieren,querer
7405,feliz,feliz
7374,significa,significar
7370,sangre,sangre
7359,fin,fin
7347,bajo,bajo
7334,llama,llama
7284,venir,venir
7257,morir,morir
7247,importante,importante
7229,hiciste,hacer
7226,ojos,ojo
7216,escucha,escucha
7146,entrar,entrar
7130,ningun,ningun
7126,corazon,corazon
7110,diablos,diablos
7108,necesitamos,necesitar
7098,atras,atras
7083,durante,durante
7077,dices,decir
7054,nuestros,nuestro
7039,persona,persona
7015,abajo,abajo
7005,dr,dr
6984,hija,hija
6976,dejar,dejar
6965,necesita,necesitar
6965,llegar,llegar
6930,hago,hacer
6909,senora,senora
6853,haya,haya
6840,suficiente,suficiente
6820,doctor,doctor
6791,gustaria,gustaria
6784,tierra,tierra
6768,cara,cara
6760,siquiera,siquiera
6746,genial,genial
6732,cree,crear
6678,supuesto,supuesto
6672,tomar,tomar
6639,equipo,equipo
6629,justo,justo
6624,juego,juego
6586,ninguna,ninguno
6584,matar,matar
6527,cinco,cinco
6511,dicen,decir
6489,amo,amo
6459,cuando,cuando
6450,pequeno,pequeno
6414,algunos,alguno
6391,conozco,conocer
6381,clase,clase
6325,maldito,maldito
6321,unas,un
6320,muchos,mucho
6313,hubiera,haber
6304,segundo,segundo
6289,aunque,aunque
6277,pueda,poder
6271,dime,decir
6270,igual,igual
6269,comida,comida
6263,ay,ay
6261,cuerpo,cuerpo
6241,encontrar,encontrar
6226,fuerte,fuerte
6221,vuelta,vuelta
6201,venga,venga
6161,creer,creer
6140,realidad,realidad
6098,saben,saber
6089,puta,puta
6015,deberias,deberias
5993,pregunta,pregunta
5993,fui,ir
5981,cuatro,cuatro
5979,sra,sra
5962,primer,primero
5949,trabajar,trabajar
5946,e,e
5929,hagas,hacer
5917,alto,alto
5910,maldita,maldito
5908,comer,comer
5907,numero,numerar
5904,dar,dar
5896,necesitas,necesitar
5896,john,john
5893,oportunidad,oportunidad
5851,punto,punto
5850,misma,mismo
5848,ultima,ultimar
5842,afuera,afuera
5826,mujeres,mujer
5815,pensar,pensar
5811,fueron,ir
5794,dificil,dificil
5750,vivir,vivir
5745,paso,paso
5741,malo,malo
5713,estabas,estar
5689,vivo,vivo
5640,haga,hacer
5639,queda,queda
5629,hijos,hijo
5620,mayor,mayor
5620,fiesta,fiesta
5613,hacen,hacer
5609,medio,medio
5604,algunas,alguno
5589,basta,basta
5538,ei,ei
5531,arma,arma
5529,vino,vino
5521,meses,mes
5513,cuarto,cuarto
5512,este,este
5509,escuela,escuela
5482,este,este
5476,dolares,dolar
5426,tio,tio
5424,posible,posible
5423,tuve,tener
5423,facil,facil
5418,preocupes,preocupar
5414,jack,jack
5387,luz,luz
5382,eran,ser
5373,carajo,carajo
5365,final,final
5360,lista,lista
5358,trata,trata
5356,armas,arma
5326,hermana,hermana
5311,exactamente,exactamente
5299,chicas,chico
5291,podia,podia
5289,bastante,bastante
5288,seguridad,seguridad
5283,pasando,pasar
5283,esperando,esperar
5275,aca,aca
5271,telefono,telefono
5265,perro,perro
5259,fuego,fuego
5249,murio,murio
5232,tampoco,tampoco
5210,sola,solo
5192,estuvo,estar
5188,verte,ver
5175,ire,ire
5174,tenido,tener
5173,culpa,culpa
5168,veras,veras
5160,adonde,adonde
5153,buscando,buscar
5127,cuanto,cuanto
5096,padres,padre
5066,paz,paz
5055,demonios,demonios
5037,estara,estara
5004,cual,cual
4976,perdon,perdon
4965,asi,asi
4955,jugar,jugar
4921,pensando,pensar
4919,esperar,esperar
4914,sabemos,saber
4902,recuerdo,recuerdo
4889,par,par
4886,joven,joven
4870,seguir,seguir
4868,pueblo,pueblo
4846,tenga,tener
4840,caballeros,caballero
4839,idiota,idiota
4838,dio,dar
4821,minuto,minuto
4820,bebe,bebe
4819,unica,unica
4804,lejos,lejos
4790,nuestras,nuestro
4775,plan,plan
4767,pienso,pienso
4748,sentido,sentido
4747,dormir,dormir
4743,digas,decir
4739,palabra,palabra
4726,correcto,correcto
4722,control,control
4715,vemos,ver
4714,entiendes,entender
4689,pais,pais
4686,seis,seis
4679,ultimo,ultimo
4668,esta,este
4651,diga,diga
4639,podrias,podrias
4601,pequena,pequena
4589,callate,callar
4586,trato,treating
4582,rey,rey
4581,sucede,suceder
4580,sam,sam
4578,muchachos,muchacho
4577,jamas,jamas
4576,cama,cama
4572,srta,srta
4553,ayudar,ayudar
4552,acerca,acerca
4530,di,dar
4518,cambio,cambio
4507,falta,falta
4505,hospital,hospital
4486,lleva,llevar
4478,presidente,presidente
4473,mil,mil
4431,gusto,gusto
4422,conoces,conocer
4407,diciendo,decir
4402,os,vosotros
4392,ido,ido
4392,general,general
4389,extrano,extrano
4388,semanas,semana
4384,coche,coche
4373,peor,peor
4368,mucha,mucho
4358,disculpe,disculpe
4358,dire,dire
4347,anoche,anoche
4344,perder,perder
4342,vamonos,vamonos
4307,nave,nave
4307,cielo,cielo
4303,habra,habra
4292,orden,orden
4288,segura,seguro
4276,querida,querido
4275,nina,nina
4260,michael,michael
4249,increible,increible
4243,ademas,ademas
4235,deben,deber
4227,libro,libro
4223,calle,calle
4212,cafe,cafe
4206,piensas,pensar
4200,hacemos,hacer
4192,especial,especial
4189,queremos,querer
4187,ia,ia
4178,clark,clark
4167,irme,ir
4159,perfecto,perfecto
4155,buscar,buscar
4153,odio,odio
4145,piensa,pensar
4143,oficina,oficina
4142,hablas,habla
4138,libre,libre
4121,agente,agente
4108,york,york
4104,llamar,llamar
4099,mala,malo
4099,detras,detras
4081,viste,viste
4073,dile,decir
4060,grandes,grande
4058,recuerdas,recordar
4051,real,real
4039,estaban,estar
4036,mia,mia
4035,frente,frente
4030,perdido,perdido
4018,llamo,llamar
4015,muertos,muerto
4015,millones,millon
4015,asesino,asesino
3978,sueno,sueno
3966,quisiera,querer
3964,habria,habria
3953,hara,hara
3934,viaje,viaje
3931,probablemente,probablemente
3931,peter,peter
3923,resto,resto
3920,estare,estare
3910,maldicion,maldicion
3900,lamento,lamento
3899,muchacho,muchacho
3898,avion,avion
3885,ropa,ropa
3883,fuerza,fuerza
3871,llamado,llamado
3870,oido,oido
3867,frank,frank
3856,dado,dado
3855,encima,encima
3854,negro,negro
3835,usar,usar
3832,informacion,informacion
3831,uds,uds
3823,preguntas,pregunta
3822,tuvo,tener
3819,secreto,secreto
3815,vuelve,volver
3814,miren,mirar
3813,quieras,querer
3811,haria,haria
3804,acaba,acabar
3791,otras,otro
3778,incluso,incluso
3777,sientes,sentar
3774,deberiamos,deberiamos
3766,haz,haz
3754,decirte,decir
3746,boca,boca
3734,dolor,dolor
3733,bano,bano
3725,adentro,adentro
3720,profesor,profesor
3713,habitacion,habitacion
3712,dano,dano
3711,tuyo,tuyo
3700,seas,ser
3693,noticias,noticia
3687,demas,demas
3681,querido,querido
3679,duro,duro
3677,poner,poner
3662,prueba,prueba
3656,mire,mirar
3655,tonto,tonto
3649,campo,campo
3645,siendo,ser
3645,diez,diez
3606,ese,ese
3605,tranquilo,tranquilo
3600,asunto,asunto
3599,acabo,acabamiento
3595,quedate,quedar
3595,derecho,derecho
3592,placer,placer
3591,recuerda,recordar
3587,estuve,estar
3585,tratando,tratar
3582,ejercito,ejercitar
3580,futuro,futuro
3575,llevar,llevar
3569,compania,compania
3558,venido,venir
3552,listos,listo
3547,haremos,hacer
3535,sitio,sitio
3527,verlo,ver
3525,puesto,puesto
3525,atencion,atencion
3506,sino,sino
3503,cambiar,cambiar
3501,error,error
3493,blanco,blanco
3489,raro,raro
3483,palabras,palabra
3478,llego,llegar
3476,sal,sal
3475,pase,pase
3470,mente,mente
3464,sistema,sistema
3462,pelicula,pelicula
3462,anda,anda
3460,ello,ello
3457,negocio,negocio
3445,novia,novio
3438,permiso,permiso
3438,crei,crei
3437,suena,sonar
3427,ocurre,ocurrir
3425,oficial,oficial
3425,espere,esperar
3422,aire,aire
3421,george,george
3397,mato,mato
3396,harry,harry
3395,regresar,regresar
3389,vio,ver
3373,hazlo,hacer
3357,trasero,trasero
3352,grupo,grupo
3346,entendido,entendido
3339,senorita,senorita
3335,musica,musica
3334,perra,perro
3330,conoce,conocer
3326,empezar,empezar
3317,siente,sentar
3303,acabo,acabamiento
3302,estupido,estupido
3294,diferente,diferente
3289,traje,traje
3286,modo,modo
3275,james,james
3273,encontre,encontre
3260,mensaje,mensaje
3257,llamada,llamada
3239,navidad,Navidad
3234,eras,era
3232,pena,pena
3231,largo,largo
3227,entra,entrar
3224,piso,the
3224,foto,foto
3224,dijeron,decir
3211,medico,medico
3208,accidente,accidente
3204,fuiste,ir
3199,imposible,imposible
3194,podriamos,podriamos
3190,linea,linear
3180,propia,propio
3177,barco,barco
3167,ganar,ganar
3159,normal,normal
3150,segundos,segundos
3142,vive,vivar
3133,mitad,mitad
3129,quiera,querer
3120,tras,tras
3120,decirle,decir
3118,lindo,lindo
3118,funciona,funcionar
3109,programa,programa
3103,vine,venir
3103,abre,abrir
3102,sean,ser
3098,pagar,pagar
3094,fotos,foto
3089,centro,centro
3085,supone,suponer
3083,basura,basura
3079,situacion,situacion
3075,mejores,mejor
3068,vienen,venir
3065,encanta,encantar
3064,marido,marido
3057,personal,personal
3055,maestro,maestro
3053,hambre,hambre
3052,ataque,ataque
3047,culo,culo
3046,dale,dale
3044,pie,pie
3041,conseguir,conseguir
3036,trabajando,trabajar
3035,gracioso,gracioso
3030,dejo,dejo
3021,pudo,poder
3021,derecha,derecha
3019,izquierda,izquierda
3016,proxima,proxima
3004,pobre,pobre
3000,respuesta,respuesta
2998,tipos,tipo
2997,sentir,sentir
2995,tenias,tenia
2993,pude,poder
2990,darle,dar
2989,voz,voz
2986,amiga,amiga
2982,gustan,gustar
2980,vista,vista
2975,salvo,salvo
2971,loca,loca
2971,hotel,hotel
2970,hicieron,hacer
2967,ten,tener
2967,temo,temar
2966,senal,senal
2966,pelo,pelo
2966,llevo,llevar
2964,ayer,ayer
2960,das,dar
2959,nena,nene
2958,servicio,servicio
2943,tren,tren
2943,tom,tom
2936,bonito,bonito
2933,mes,mes
2929,tendra,tendra
2925,tendras,tendras
2924,edad,edad
2923,ellas,ellas
2921,hermosa,hermoso
2915,ben,ben
2910,honor,honor
2894,simplemente,simplemente
2875,llamas,llama
2874,tengas,tener
2874,corre,correr
2874,baja,baja
2873,sol,sol
2872,sientate,sientate
2869,dan,dan
2867,humano,humano
2866,divertido,divertido
2865,sexo,sexo
2864,vuelto,vuelto
2855,peligro,peligro
2847,mesa,mesa
2847,jimmy,jimmy
2845,siguiente,siguiente
2842,hablo,hablar
2842,disculpa,disculpa
2838,decirme,decir
2834,joe,joe
2834,caja,caja
2832,negocios,negocio
2824,mision,mision
2822,silencio,silencio
2818,sale,sale
2818,llegado,llegado
2807,estaria,estaria
2803,regreso,regreso
2803,media,media
2774,estan,estan
2772,propio,propio
2772,charlie,charlie
2769,oro,oro
2757,enseguida,enseguida
2751,linda,lindo
2745,prometo,prometer
2733,esposo,esposo
2727,norte,norte
2726,hubo,haber
2725,juro,juro
2724,muerta,muerto
2724,interesante,interesante
2714,pensaba,pensar
2706,busca,busca
2702,terminar,terminar
2698,tendre,tendre
2696,completamente,completamente
2694,cita,cita
2690,siete,siete
2685,cumpleanos,cumpleanos
2681,abogado,abogado
2677,alrededor,alrededor
2676,cerebro,cerebro
2672,porque,porque
2672,llave,llave
2669,santo,santo
2669,hermoso,hermoso
2667,necesario,necesario
2665,edificio,edificio
2664,irnos,ir
2661,aun,aun
2655,tendremos,tener
2648,vayas,vaya
2641,doy,dar
2640,trae,traer
2640,salio,salio
2638,ley,ley
2630,ahi,ahi
2624,verdadero,verdadero
2623,pelea,pelea
2620,banco,banco
2618,terrible,terrible
2616,calma,calma
2614,cena,cena
2613,dare,dare
2606,gobierno,gobierno
2604,comprar,comprar
2590,creen,crear
2584,sargento,sargento
2581,destino,destino
2579,bob,bob
2574,existe,existir
2571,hacia,hacia
2561,novio,novio
2543,sala,sala
2540,traves,traves
2537,regalo,regalo
2536,iglesia,iglesia
2535,decia,decia
2533,cualquiera,cualquiera
2532,excelente,excelente
2532,esperen,esperar
2532,deseo,deseo
2532,alma,alma
2531,diablo,diablo
2528,deje,dejo
2525,cuantos,cuanto
2521,espada,espada
2519,estabamos,estabamos
2519,carne,carne
2518,maravilloso,maravilloso
2508,vidas,vida
2504,sucedio,sucedio
2501,oi,oi
2500,peligroso,peligroso
2496,direccion,direccion
2492,libertad,libertad
2492,jesus,jesus
2491,ocurrio,ocurrio
2485,vere,vere
2484,suenos,suenos
2484,pudiera,poder
2481,detective,detective
2480,sorpresa,sorpresa
2475,tuya,tuyo
2475,pies,pie
2471,club,club
2468,terminado,terminado
2466,infierno,infierno
2464,creia,creia
2461,luna,luna
2460,salvar,salvar
2458,carta,carta
2457,estes,estes
2453,cielos,cielos
2452,teniente,teniente
2452,encuentra,encontrar
2452,david,david
2448,veamos,ver
2448,quise,querer
2447,escuchame,escuchame
2445,necesitan,necesitar
2443,ambos,ambos
2442,decision,decision
2440,roma,romo
2440,enemigo,enemigo
2430,hicimos,hacer
2424,ei,ei
2424,dulce,dulce
2422,pruebas,prueba
2419,querias,querias
2411,abuelo,abuelo
2408,totalmente,totalmente
2407,mirando,mirar
2406,vayan,ir
2406,carrera,carrera
2401,vuelo,vuelo
2395,ante,ante
2394,bienvenido,bienvenido
2393,haras,haras
2393,encontramos,encontrar
2393,encontrado,encontrado
2392,contacto,contacto
2391,posicion,posicion
2390,saberlo,saber
2387,planeta,planeta
2387,humanos,humano
2382,coronel,coronel
2379,junto,junto
2378,diria,diria
2372,esa,ese
2372,base,base
2369,oir,oir
2357,suelo,suelo
2356,pelear,pelear
2354,ayudarte,ayudar
2350,pistola,pistola
2347,frio,frio
2344,comandante,comandante
2339,partes,partes
2339,llega,llegar
2334,veras,veras
2330,sur,sur
2326,iremos,ir
2319,rato,rato
2316,mar,mar
2316,espacio,espacio
2313,asesinato,asesinato
2311,ventana,ventana
2311,prisa,prisa
2309,tienda,tienda
2298,camara,camara
2296,puedas,poder
2294,segun,segun
2292,broma,broma
2289,reunion,reunion
2287,despierta,despierto
2286,sacar,sacar
2276,ti,tu
2276,segunda,segundo
2267,papel,papel
2264,locura,locura
2261,departamento,departamento
2257,horrible,horrible
2253,enfermo,enfermo
2252,pregunto,preguntar
2250,carcel,carcel
2248,ordenes,ordenar
2245,intento,intento
2244,isla,isla
2241,salida,salida
2239,llamo,llamar
2238,volvere,volvere
2238,usa,usar
2238,gato,gato
2237,paul,paul
2237,hagan,hacer
2237,dejes,deje
2233,duele,dolar
2230,vengan,vengar
2227,crimen,crimen
2223,esperaba,esperar
2222,causa,causa
2221,bar,bar
2219,sere,sere
2218,ocho,ocho
2210,temprano,temprano
2210,rio,rio
2206,relacion,relacion
2204,drogas,droga
2201,luces,luz
2190,bromeando,bromear
2186,ojala,ojala
2186,hablamos,hablar
2185,trabaja,trabajar
2185,irse,ir
2184,libros,libro
2181,radio,radio
2181,mary,mary
2180,ray,ray
2180,bill,bill
2176,vienes,venir
2167,quedan,quedar
2166,excepto,excepto
2166,brazo,brazo
2161,tome,tomar
2159,rojo,rojo
2156,conocido,conocido
2155,universidad,universidad
2155,investigacion,investigacion
2155,batalla,batalla
2151,reglas,regla
2151,cargo,cargo
2148,hogar,hogar
2141,ninguno,ninguno
2137,dieron,dar
2136,vuelva,volver
2133,sabias,sabias
2132,respeto,respeto
2131,estacion,estacion
2131,corte,corte
2130,paciente,paciente
2127,encuentro,encuentro
2126,energia,energia
2126,dejado,dejado
2126,baile,baile
2125,fbi,fbi
2123,abuela,abuela
2119,caliente,caliente
2118,vieja,viejo
2117,viendo,ver
2115,veremos,ver
2115,rayos,rayos
2112,simple,simple
2109,bailar,bailar
2106,papa,papa
2097,triste,triste
2096,zona,zona
2096,seras,seras
2093,guardia,guardia
2092,cancion,cancion
2089,salud,salud
2086,escuchar,escuchar
2079,parar,parar
2079,mike,mike
2079,estaras,estaras
2078,cenar,cenar
2075,max,max
2071,soldados,soldado
2070,caballo,caballo
2068,seran,seran
2065,estaremos,estar
2058,interesa,interesar
2054,volar,volar
2054,principio,principio
2051,nivel,nivel
2048,calmate,calmate
2047,conocer,conocer
2044,finalmente,finalmente
2044,alegro,alegrar
2043,debajo,debajo
2041,podrian,podrian
2041,bosque,bosque
2040,bonita,bonito
2037,bolsa,bolsa
2036,pone,poner
2035,taxi,taxi
2035,ocupado,ocupado
2030,amable,amable
2028,ryan,ryan
2028,acaso,acaso
2027,detente,detente
2026,imbecil,imbecil
2021,san,san
2021,equivocado,equivocado
2020,viva,vivo
2019,puso,poner
2019,obra,obra
2016,consejo,consejo
2013,publico,publico
2011,ayudame,ayudame
2010,animales,animal
2008,azul,azul
2007,apuesto,apuesto
2006,prision,prision
2004,mirar,mirar
2001,inteligente,inteligente
1998,metros,metro
1997,fantastico,fantastico
1993,proximo,proximo
1992,jugando,jugar
1990,ojo,ojo
1987,salga,levy
1986,vea,ver
1986,llaman,llamar
1983,entrada,entrada
1983,duda,duda
1982,cerveza,cerveza
1981,unidos,unido
1978,matado,matado
1971,princesa,princesa
1971,perdi,perdi
1970,entender,entender
1969,santa,santo
1965,quedar,quedar
1965,miles,miles
1965,llamare,llamare
1965,companero,companero
1956,pensado,pensar
1956,espalda,espalda
1956,deje,dejo
1956,bomba,bomba
1956,alex,alex
1954,cartas,carta
1953,apenas,apenas
1946,leer,leer
1944,hermanos,hermano
1941,darme,dar
1938,papi,papi
1938,mantener,mantener
1937,suyo,suyo
1937,rico,rico
1936,verla,ver
1936,lee,leer
1927,bobby,bobby
1922,sigues,seguir
1921,toca,toca
1917,olvidalo,olvidalo
1914,accion,accion
1907,hayas,haya
1907,dioses,dios
1906,mando,mando
1906,dejare,dejare
1904,llegue,llegue
1904,formas,forma
1903,uh,uh
1903,henry,henry
1903,cierra,cerrar
1900,damas,damas
1892,puente,puente
1891,memoria,memoria
1889,regresa,regresar
1888,muevanse,muevanse
1887,parecia,parecia
1885,vestido,vestido
1885,llaves,llave
1884,tv,tv
1884,camion,camion
1884,acabar,acabar
1882,robot,robot
1882,llevo,llevar
1881,monton,monton
1881,estuviste,estar
1877,maquina,maquina
1874,puertas,puerta
1872,podamos,podar
1869,muere,morir
1868,trago,trago
1868,mayoria,mayoria
1867,reina,reina
1863,lleno,lleno
1862,ingles,ingles
1861,don,don
1860,soldado,soldado
1860,estrella,estrella
1860,escuche,escuchar
1859,valor,valor
1857,pido,pedir
1857,delante,delante
1855,codigo,codigo
1854,heroe,heroe
1854,fe,fe
1851,capaz,capaz
1845,verme,verme
1845,beber,beber
1844,velocidad,velocidad
1844,darte,dar
1843,llevas,llevar
1841,partido,partido
1840,estuviera,estar
1836,tony,tony
1834,lex,lex
1834,dia,dia
1832,opinion,opinion
1831,irte,ir
1831,cocina,cocina
1831,abrir,abrir
1830,perros,perro
1829,tambien,tambien
1829,sepa,sepa
1829,pareces,parecer
1829,escribir,escribir
1828,golpe,golpe
1825,tenia,tenia
1825,alta,alta
1820,estados,estado
1817,tocar,tocar
1815,vuelvo,volver
1814,habian,habian
1814,ganas,gana
1811,hacerte,hacer
1808,dejo,dejo
1806,volvio,volvio
1805,ejemplo,ejemplo
1804,robert,robert
1803,contar,contar
1798,tenian,tenian
1794,proposito,proposito
1790,entiende,entender
1790,empieza,empezar
1790,anillo,anillo
1788,londres,londres
1786,tendria,tendria
1783,pedir,pedir
1783,estilo,estilo
1783,ayudarme,ayudar
1782,pista,pista
1782,cambiado,cambiado
1780,escapar,escapar
1780,eeuu,eeuu
1777,encontro,encontro
1776,espiritu,espiritu
1775,viejos,viejo
1773,molesta,molesto
1771,nota,nota
1771,diferencia,diferencia
1770,tratar,tratar
1769,precio,precio
1767,caballero,caballero
1765,sirve,servir
1765,alegra,alegrar
1763,doble,doble
1763,agradable,agradable
1762,embargo,embargo
1760,tengan,tener
1758,tuvimos,tener
1758,sube,subir
1758,esten,esten
1757,mami,mami
1757,emergencia,emergencia
1756,cuello,cuello
1755,boda,boda
1755,aprender,aprender
1754,pete,pete
1753,te,te
1750,informe,informe
1750,blanca,blanco
1746,experiencia,experiencia
1742,debia,debia
1741,podido,poder
1740,mentira,mentira
1740,director,director
1739,mata,mata
1736,exacto,exacto
1736,eddie,eddie
1735,dejalo,dejalo
1733,defensa,defensa
1731,tuviste,tener
1727,confiar,confiar
1727,color,color
1727,bond,bond
1726,hacerle,hacer
1726,aquel,aquel
1723,conoci,conoci
1722,probar,probar
1722,principe,principe
1722,ira,ira
1719,soio,soio
1718,ai,ai
1717,despacio,despacio
1715,tiro,tiro
1714,vacaciones,vacacion
1714,perdio,perdio
1714,fondo,fondo
1712,chris,chris
1711,verde,verde
1711,parecen,parecer
1711,mama,mama
1710,bienvenida,bienvenida
1707,opcion,opcion
1705,operacion,operacion
1704,jim,jim
1702,hablado,hablado
1699,traer,traer
1698,principal,principal
1698,demonio,demonio
1696,zapatos,zapato
1694,leo,leo
1693,anna,anna
1692,respecto,respecto
1692,nuevos,nuevo
1691,especie,especie
1689,pidio,pidio
1689,exito,exito
1686,cabron,cabron
1685,mirame,mirame
1676,piernas,piernas
1675,unidad,unidad
1674,hielo,hielo
1672,llegamos,llegar
1670,dejeme,dejeme
1667,ios,ios
1667,debi,debi
1663,vendra,vendra
1661,matrimonio,matrimonio
1660,habias,habias
1659,podra,podra
1659,piel,piel
1657,preocupa,preocupar
1656,quedarme,quedar
1656,mio,mio
1655,tuviera,tener
1655,tiempos,tiempo
1655,richard,richard
1647,quienes,quien
1645,oiga,oiga
1642,ultimos,ultimos
1641,oigan,oir
1641,fuimos,ir
1641,arte,arte
1637,necesitaba,necesitar
1636,quienes,quien
1632,comun,comun
1631,intentando,intentar
1630,llevare,llevare
1630,levantate,levantate
1630,correr,correr
1630,brillante,brillante
1628,calor,calor
1626,planes,plan
1624,dra,dra
1620,visita,visita
1619,presion,presion
1618,pared,pared
1618,esperanza,esperanza
1618,completo,completo
1617,subir,subir
1613,cansado,cansado
1612,llame,llamar
1611,recordar,recordar
1610,trampa,trampa
1610,monstruo,monstruo
1610,bajar,bajar
1607,pierna,pierna
1605,senores,senores
1604,tomo,tomo
1602,pasara,pasar
1602,mataste,matar
1601,grandioso,grandioso
1600,socio,socio
1599,herido,herido
1599,cayo,cayo
1598,fuerzas,fuerza
1597,nick,nick
1597,cine,cine
1596,escena,escena
1595,tia,tia
1594,danny,danny
1594,dando,dar
1592,puntos,punto
1591,teniamos,teniamos
1589,dejaste,dejar
1588,muevete,muevete
1588,larga,largo
1587,solia,solia
1586,tema,tema
1586,preparado,preparado
1585,depende,depender
1583,policias,policias
1582,solos,solo
1579,matarme,matar
1579,mark,mark
1576,pon,poner
1576,hubiese,haber
1576,bebe,bebe
1573,tanta,tanto
1572,oeste,oeste
1569,paris,paris
1568,viento,viento
1567,jovenes,jovenes
1566,hacerme,hacer
1563,asiento,asiento
1561,carter,carter
1560,washington,washington
1560,estupendo,estupendo
1560,caminar,caminar
1559,juicio,juicio
1558,creerlo,creer
1557,carga,carga
1553,tranquila,tranquilo
1553,banda,banda
1548,estaran,estaran
1548,animal,animal
1547,escuchen,escuchar
1543,bush,bush
1541,encontraron,encontrar
1539,dejas,deja
1537,tarjeta,tarjeta
1536,ibas,ir
1535,podras,podras
1533,nueve,nueve
1532,seguramente,seguramente
1531,volvera,volvera
1530,majestad,majestad
1530,llena,lleno
1530,caer,caer
1528,aeropuerto,aeropuerto
1527,vayamos,ir
1527,tommy,tommy
1525,acabado,acabado
1524,sigo,seguir
1524,enorme,enorme
1524,area,area
1522,muevas,mover
1521,haberlo,haber
1521,dejen,dejar
1519,ridiculo,ridiculo
1519,reloj,reloj
1517,hagamos,hacer
1517,flores,flor
1515,mapa,mapa
1515,culpable,culpable
1515,cuentas,cuenta
1514,pareja,pareja
1513,tomando,tomar
1513,m,the
1513,laboratorio,laboratorio
1513,beso,beso
1512,empezo,empezo
1511,pedi,pedi
1511,nariz,nariz
1511,cuestion,cuestion
1505,termino,terminar
1504,vengo,vengar
1504,the,the
1503,perdona,perdonar
1503,acuerdas,acordar
1502,verano,verano
1502,prefiero,preferir
1500,peso,peso
1500,billy,billy
1499,oscuridad,oscuridad
1499,diferentes,diferente
1499,cliente,cliente
1499,charles,charles
1498,cuantas,cuanto
1495,television,television
1495,suya,suyo
1495,prensa,prensa
1495,johnny,johnny
1493,vistazo,vistazo
1492,inmediatamente,inmediatamente
1491,solamente,solamente
1490,gordo,gordo
1488,quedarse,quedar
1487,posibilidad,posibilidad
1485,medicina,medicina
1483,malditos,maldito
1482,pantalones,pantalones
1481,mataron,matar
1481,ayude,ayudar
1480,podremos,poder
1476,locos,loco
1472,nombres,nombre
1471,superman,superman
1470,parecer,parecer
1469,america,america
1468,definitivamente,definitivamente
1467,cinta,cinta
1466,desea,desear
1466,brazos,brazo
1466,asuntos,asunto
1464,riesgo,riesgo
1462,escuche,escuchar
1460,lugares,lugar
1460,i,i
1460,cuento,cuento
1459,noticia,noticia
1458,digame,digame
1457,decirlo,decir
1455,tonterias,tonterias
1453,sentimientos,sentimiento
1453,objetivo,objetivo
1452,pasada,pasada
1452,arreglar,arreglar
1447,casado,casado
1447,bote,bote
1446,roja,rojo
1445,leyes,ley
1442,millon,millon
1441,arbol,arbol
1440,hable,hablar
1436,proyecto,proyecto
1436,nervioso,nervioso
1436,lana,lana
1434,salido,salido
1434,pedazo,pedazo
1432,malas,malo
1432,joder,joder
1432,humana,humano
1432,absolutamente,absolutamente
1428,evitar,evitar
1426,corriendo,correr
1426,bala,bala
1425,vosotros,vosotros
1424,despues,despues
1424,debido,debido
1422,confianza,confianza
1419,especialmente,especialmente
1417,intenta,intentar
1415,pequenos,pequenos
1415,paga,paga
1415,ganado,ganado
1415,ama,ama
1412,limpio,limpio
1412,comenzar,comenzar
1411,angeles,angeles
1410,robots,robot
1410,lleve,llevar
1409,ruido,ruido
1408,preocupe,preocupar
1407,jason,jason
1406,belleza,belleza
1405,salgan,salir
1405,come,comer
1404,vera,vera
1403,deberian,deberian
1402,lider,lider
1401,preguntar,preguntar
1401,inocente,inocente
1401,andy,andy
1399,lastima,lastima
1396,red,red
1396,enfermedad,enfermedad
1396,desgraciado,desgraciado
1392,haran,haran
1391,dientes,diente
1388,mate,mate
1388,central,central
1387,ponte,poner
1387,felices,feliz
1385,supe,saber
1385,haberte,haber
1383,marcha,marcha
1381,poderes,poder
1381,hubieras,haber
1380,justicia,justicia
1380,bella,bello
1378,de,de
1377,proteger,proteger
1377,cabello,cabello
1375,pedido,pedido
1374,oscuro,oscuro
1373,sarah,sarah
1373,embarazada,embarazado
1371,costa,costa
1370,dama,dama
1368,alguno,alguno
1367,orgulloso,orgulloso
1366,vos,vos
1366,tomado,tomado
1365,digamos,decir
1365,debio,debio
1364,gana,gana
1364,cura,cura
1362,lengua,lengua
1362,arana,arana
1361,podre,podre
1359,voluntad,voluntad
1358,total,total
1357,dedo,dedo
1356,pago,pago
1356,agradezco,agradecer
1355,partir,partir
1355,lucha,lucha
1355,leche,leche
1354,luke,luke
1354,diste,dar
1354,copa,copa
1353,quedarte,quedar
1352,seguros,seguro
1352,destruir,destruir
1352,bienvenidos,bienvenido
1351,llevan,llevar
1351,jerry,jerry
1350,ponga,poner
1350,lados,lado
1350,acceso,acceso
1349,parker,parker
1348,intentar,intentar
1347,trajo,traer
1347,desastre,desastre
1347,deber,deber
1346,herida,herida
1346,debil,debil
1345,naturaleza,naturaleza
1345,luchar,luchar
1345,extrana,extrana
1345,encontraste,encontrar
1344,vieron,ver
1344,llamame,llamame
1344,imagen,imagen
1342,pan,pan
1339,refieres,referir
1339,clientes,cliente
1338,varios,varios
1338,show,show
1337,auxilio,auxilio
1334,oyes,oir
1332,siguen,seguir
1332,sentado,sentado
1332,saliendo,salir
1331,responsable,responsable
1330,olvidado,olvidado
1329,quedo,quedo
1329,permite,permitir
1329,aquella,aquel
1328,puse,poner
1326,sonido,sonido
1326,quiso,querer
1326,escrito,escrito
1326,carro,carro
1325,preciosa,precioso
1325,muestra,muestra
1325,bastardo,bastardo
1322,restaurante,restaurante
1322,huevos,huevo
1321,fantasma,fantasma
1320,mismos,mismo
1319,profesional,profesional
1319,amas,ama
1317,entero,entero
1316,peliculas,peliculas
1316,cerrado,cerrado
1312,dedos,dedo
1311,sigan,seguir
1311,dueno,dueno
1311,cuchillo,cuchillo
1309,turno,turno
1309,tormenta,tormenta
1309,caray,caray
1309,abierto,abierto
1306,quede,quedar
1305,verdadera,verdadero
1305,mato,mato
1305,doc,doc
1304,playa,playa
1303,km,km
1302,victoria,victoria
1301,primo,primo
1301,oiste,oiste
1301,lisa,lisa
1301,interior,interior
1301,hechos,hecho
1300,piedra,piedra
1300,jodido,jodido
1298,militar,militar
1297,computadora,computadora
1296,encantaria,encantaria
1293,siga,seguir
1292,silla,silla
1292,movimiento,movimiento
1292,momentos,momento
1292,familiar,familiar
1291,apartamento,apartamento
1290,disparar,disparar
1289,tesoro,tesoro
1289,perfecta,perfecto
1288,refiero,referir
1288,motivo,motivo
1288,dara,dara
1286,nuevas,nuevo
1286,mr,mr
1284,querer,querer
1283,matarlo,matar
1282,valiente,valiente
1281,victima,victima
1278,tendran,tendran
1277,estupida,estupida
1277,envio,envio
1276,steve,steve
1276,encantado,encantado
1275,diario,diario
1275,abran,abrir
1274,senti,senti
1274,autobus,autobus
1273,traido,traido
1271,casas,casa
1270,apurate,apurate
1269,encuentras,encontrar
1269,descanso,descanso
1267,sheriff,sheriff
1267,mulder,mulder
1267,mueve,mover
1265,inglaterra,inglaterra
1264,quieto,quieto
1263,carl,carl
1262,matarte,matar
1262,calles,calle
1261,tamano,tamano
1261,colegio,colegio
1260,usando,usar
1260,cabo,cabo
1259,video,video
1259,toques,toque
1258,pelota,pelota
1257,yendo,ir
1257,directo,directo
1256,termine,terminar
1253,vivos,vivo
1253,sombrero,sombrero
1252,tome,tomar
1252,estudio,estudio
1251,grave,grave
1249,proteccion,proteccion
1248,secretos,secreto
1248,perdiendo,perder
1247,pecho,pecho
1244,sepas,saber
1244,enferma,enfermo
1244,cuesta,cuesta
1243,negros,negro
1242,estrellas,estrella
1241,lago,lago
1240,clases,clase
1239,b,b
1238,obviamente,obviamente
1238,inmediato,inmediato
1237,modos,modo
1237,iras,iras
1235,robo,robo
1234,matare,matare
1233,seria,serio
1233,laura,laura
1233,apoyo,apoyo
1232,cerrar,cerrar
1231,imagino,imaginar
1231,amenaza,amenaza
1230,toque,toque
1230,larry,larry
1229,saca,saca
1228,viernes,viernes
1227,hayan,haber
1226,roto,roto
1226,lucy,lucy
1223,piloto,piloto
1222,marca,marca
1222,combate,combate
1221,hable,hablar
1220,manejar,manejar
1219,seccion,seccion
1219,profundo,profundo
1218,tantos,tanto
1218,conocia,conocia
1217,serie,serie
1217,ed,ed
1217,contrato,contrato
1217,americano,americano
1215,paseo,paseo
1215,aviones,avion
1214,balas,bala
1213,repente,repente
1212,cambia,cambiar
1210,tropas,tropa
1210,llevara,llevara
1209,uso,uso
1209,pudiste,poder
1209,detener,detener
1208,susan,susan
1207,sabia,sabio
1207,llegue,llegue
1206,negra,negro
1203,decidido,decidido
1203,comienza,comenzar
1202,distancia,distancia
1198,eramos,eramos
1196,murieron,morir
1196,averiguar,averiguar
1196,actuar,actuar
1194,quedo,quedo
1194,pulso,pulso
1194,aguanta,aguanta
1193,oficiales,oficial
1193,llamaba,llamar
1193,enemigos,enemigo
1191,saldra,saldra
1191,preocupado,preocupado
1191,eleccion,eleccion
1190,sobrevivir,sobrevivir
1190,bordo,bordo
1189,sujeto,sujeto
1189,pacientes,paciente
1189,disculpen,disculpar
1188,epoca,epoca
1186,entro,entrar
1185,pesar,pesar
1185,hablo,hablar
1184,walter,walter
1183,vender,vender
1183,piensan,pensar
1183,ex,ex
1182,gratis,gratis
1182,desaparecio,desaparecio
1181,empleo,empleo
1180,llame,llamar
1180,conocen,conocer
1180,cerdo,cerdo
1179,puedan,poder
1178,comprendo,comprender
1177,tomo,tomo
1177,termina,terminar
1176,alejate,alejate
1175,busco,buscar
1174,contento,contento
1173,date,dar
1169,tumba,tumba
1169,matt,matt
1169,huellas,huella
1169,cuerpos,cuerpo
1169,absoluto,absoluto
1168,pide,pedir
1167,kent,kent
1167,dura,duro
1167,descansar,descansar
1166,respuestas,respuesta
1166,propiedad,propiedad
1166,llamando,llamar
1166,dormido,dormido
1165,castillo,castillo
1164,china,china
1160,datos,dato
1159,torre,torre
1159,robar,robar
1159,americanos,americano
1158,malos,malo
1157,botella,botella
1157,aquellos,aquellos
1156,ultimamente,ultimamente
1155,testigo,testigo
1155,s,s
1154,presento,presentar
1154,periodico,periodico
1154,kate,kate
1154,juez,juez
1154,historias,historia
1154,gustaba,gustar
1154,creeme,creeme
1153,necesitar,necesitar
1153,esquina,esquina
1152,millas,milla
1152,llamadas,llamado
1152,fuente,fuente
1152,conocemos,conocer
1151,techo,techo
1151,genio,genio
1150,alerta,alerta
1149,ideas,idea
1148,tomas,toma
1148,olvidar,olvidar
1148,menor,pequeno
1148,droga,droga
1147,explicar,explicar
1145,abierta,abierto
1144,privado,privado
1144,miembros,miembro
1144,joey,joey
1143,nacional,nacional
1143,gusto,gusto
1142,ross,ross
1141,discutir,discutir
1140,evidencia,evidencia
1140,detalles,detalle
1139,c,c
1137,tardes,tarde
1136,tomare,tomare
1136,presente,presente
1135,scott,scott
1135,criminal,criminal
1134,premio,premio
1133,vuelvas,volver
1133,sientese,sientese
1131,viniste,venir
1130,recibir,recibir
1130,mires,mir
1129,teniendo,tener
1129,huele,oler
1129,hables,hablar
1129,guardias,guardia
1129,enamorado,enamorado
1128,cuidar,cuidar
1127,pocos,poco
1126,perdone,perdonar
1126,natural,natural
1126,caballos,caballo
1124,escucho,escuchar
1124,enfermera,enfermero
1124,angel,angel
1123,sospechoso,sospechoso
1123,local,local
1122,mentiras,mentira
1122,camisa,camisa
1119,confia,confia
1118,aceptar,aceptar
1117,venganza,venganza
1117,perdimos,perder
1117,cuantos,cuanto
1116,parque,parque
1114,juegos,juego
1114,chloe,chloe
1113,vives,vivar
1113,varias,vario
1113,harias,harias
1112,menudo,menudo
1112,dejenme,dejenme
1112,barrio,barrio
1111,virus,virus
1111,talento,talento
1111,ministro,ministro
1111,hiciera,hacer
1109,robo,robo
1109,conocerte,conocer
1108,viviendo,vivir
1108,responsabilidad,responsabilidad
1108,respira,respirar
1108,numeros,numeros
1107,pertenece,pertenecer
1107,desayuno,desayuno
1107,dave,dave
1107,campeon,campeon
1106,controlar,controlar
1105,maria,maria
1104,nieve,nieve
1104,mexico,mexico
1104,howard,howard
1103,dias,dia
1101,verguenza,verguenza
1101,doctora,doctor
1101,blancos,blanco
1100,fumar,fumar
1099,llevamos,llevar
1099,europa,europa
1099,dudo,dudar
1099,athena,athena
1097,pastel,pastel
1096,quedas,quedo
1096,cae,caer
1095,vimos,ver
1094,recibido,recibir
1094,andando,andar
1094,agentes,agente
1093,fueras,ir
1093,asustado,asustado
1092,perdoname,perdoname
1091,reino,reino
1091,clave,clave
1090,papeles,papel
1090,matando,matar
1090,jake,jake
1090,efecto,efecto
1089,r,r
1089,plata,plata
1089,olvide,olvidar
1089,iban,ir
1088,universo,universo
1088,politica,politica
1088,almuerzo,almuerzo
1087,magia,magia
1087,lluvia,lluvia
1087,humor,humor
1087,autos,auto
1086,veia,veia
1086,tantas,tanto
1086,respirar,respirar
1086,cantar,cantar
1085,trabajas,trabajar
1084,julie,julie
1084,disparo,disparo
1084,conversacion,conversacion
1083,olor,olor
1083,asesinos,asesino
1081,muchacha,muchacho
1081,modelo,modelo
1081,jane,jane
1080,curso,curso
1078,canal,canal
1077,rock,rock
1077,llorar,llorar
1077,borracho,borracho
1075,regresen,regresar
1074,vayanse,vayanse
1074,sentia,sentia
1074,resultado,resultado
1071,william,william
1071,parado,parado
1071,olvides,olvidar
1069,mirada,mirada
1069,inutil,inutil
1069,california,californio
1069,acabas,acabar
1068,ciencia,ciencia
1067,perdiste,perder
1066,sociedad,sociedad
1066,regrese,regresar
1065,camioneta,camioneta
1064,cono,cono
1063,revista,revista
1063,parecio,parecio
1063,montana,montana
1062,maravillosa,maravilloso
1062,dejarlo,dejar
1061,maximo,maximo
1061,echar,echar
1061,corriente,corriente
1060,escuchando,escuchar
1059,disculpas,disculpa
1058,cadaver,cadaver
1057,seguimos,seguir
1057,ron,ron
1057,espectaculo,espectaculo
1056,frodo,frodo
1055,mundial,mundial
1055,francia,francia
1054,decirles,decir
1054,aspecto,aspecto
1053,presencia,presencia
1053,famoso,famoso
1053,corto,corto
1051,relajate,relajate
1051,poderoso,poderoso
1050,recuerdos,recuerdo
1050,llego,llegar
1050,carretera,carretera
1049,pase,pase
1049,oigo,oir
1049,esperamos,esperar
1048,escuchado,escuchar
1048,cable,cable
1047,rosa,rosa
1047,bola,bola
1046,oferta,oferta
1045,helen,helen
1044,intentarlo,intentar
1044,habido,haber
1043,continuar,continuar
1041,rachel,rachel
1041,ladron,ladron
1041,humanidad,humanidad
1041,estomago,estomago
1041,entera,entero
1041,conto,conto
1039,poniendo,poner
1039,mercado,mercado
1037,granja,granja
1036,idiotas,idiota
1036,hablemos,hablar
1036,estudiante,estudiante
1035,siglo,siglo
1035,roger,roger
1035,relaciones,relacion
1035,ias,ias
1035,hablan,hablar
1035,adam,adam
1034,nosotras,nosotras
1034,miembro,miembro
1034,fortuna,fortuna
1033,libres,libre
1033,acciones,accion
1032,esperas,espera
1031,suficientemente,suficientemente
1030,llevaron,llevar
1029,ocurrido,ocurrir
1027,andar,andar
1026,perfectamente,perfectamente
1023,pasan,pasar
1023,jardin,jardin
1022,cola,cola
1021,resultados,resultado
1021,frances,frances
1019,troya,troya
1019,tercera,tercera
1018,martin,martin
1017,entrenamiento,entrenamiento
1017,doug,doug
1017,azucar,azucar
1016,metido,metido
1016,ayudarlo,ayudar
1015,diles,decir
1015,coger,coger
1014,lunes,lunes
1014,ey,ey
1013,new,new
1013,intencion,intencion
1012,volviendo,volver
1012,efectivo,efectivo
1012,chicago,chicago
1011,dei,dei
1010,salgamos,salir
1010,preguntaba,preguntar
1009,olvida,olvidar
1009,helicoptero,helicoptero
1009,fuertes,fuerte
1009,encantador,encantador
1008,original,original
1008,cadena,cadena
1007,tarea,tarea
1007,dispara,disparar
1007,corta,corto
1007,companeros,companeros
1007,cirugia,cirugia
1006,quitate,quitate
1006,querian,querian
1006,precioso,precioso
1006,lord,lord
1005,sara,sara
1005,comenzo,comenzo
1004,truco,truco
1004,inspector,inspector
1004,enojado,enojado
1003,felicidades,felicidades
1003,desaparecido,desaparecido
1003,acto,acto
1002,pollo,pollo
1002,elizabeth,elizabeth
1002,chocolate,chocolate
1002,adonde,adonde
1001,resulta,resultar
1001,merece,merecer
1001,gas,gas
1000,examen,examen
999,vean,ver
999,tonta,tonto
999,importantes,importante
999,apuesta,apuesta
998,jean,jean
997,directamente,directamente
996,recuperar,recuperar
995,pongo,pongo
995,llegaron,llegar
995,cobarde,cobarde
995,cantidad,cantidad
994,sucio,sucio
994,habia,habia
994,emperador,emperador
993,mono,mono
993,encontraremos,encontrar
992,disparen,disparar
991,gloria,gloria
991,contrario,contrario
989,socorro,socorro
989,sir,sir
989,escaleras,escalera
988,seth,seth
988,pasos,paso
988,nuevamente,nuevamente
988,derechos,derecho
987,obtener,obtener
987,guste,gustar
986,busqueda,busqueda
984,helado,helado
984,futbol,futbol
983,sexual,sexual
983,polvo,polvo
983,aseguro,asegurar
982,rostro,rostro
982,robado,robado
982,policia,policia
982,empresa,empresa
981,escuchas,escucha
980,pones,poner
980,largate,largate
980,interes,interes
980,disculpeme,disculpeme
980,dejaron,dejar
979,tengamos,tener
978,firma,firma
977,llevaba,llevar
977,llegas,llegar
977,cristo,cristo
976,tercer,tercero
975,senador,senador
975,continua,continua
974,gracia,gracia
974,cien,cien
973,texas,texas
973,jones,jones
973,des,des
972,tratado,tratado
972,razones,razon
972,caminando,caminar
971,urgencias,urgencia
971,u,u
971,raymond,raymond
971,esperan,esperar
970,muneca,muneca
970,firme,firme
970,duerme,dormir
970,ambulancia,ambulancia
969,limpia,limpia
969,habeis,habeis
969,flota,flota
966,leyenda,leyenda
966,encuentre,encontrar
965,fue,ir
965,arturo,arturo
963,romper,romper
963,muriendo,morir
963,encontrarlo,encontrar
962,rescate,rescate
962,quedado,quedar
962,enfrente,enfrente
962,comienzo,comienzo
962,arboles,arboles
961,x,x
961,queso,queso
961,favorito,favorito
960,haberme,haber
960,frontera,frontera
960,creemos,crear
960,colega,colega
959,jueves,jueves
959,alemanes,aleman
957,shrek,shrek
957,sabado,sabado
957,limpiar,limpiar
956,puto,puto
956,poquito,poco
954,cientos,ciento
953,muero,morir
953,irak,irak
953,inteligencia,inteligencia
953,funcionar,funcionar
953,felicitaciones,felicitacion
953,escapo,escapo
953,criatura,criatura
951,milagro,milagro
951,deprisa,deprisa
947,especiales,especial
945,campamento,campamento
944,responde,responder
943,escuchaste,escuchar
943,debiste,deber
943,adios,adios
942,viven,vivar
942,recoger,recoger
942,preguntarte,preguntar
942,compras,compra
942,cansada,cansado
941,will,will
941,elegir,elegir
941,cancer,cancer
938,servir,servir
937,pata,pata
937,huir,huir
936,util,util
936,grados,grado
936,atacar,atacar
935,sonny,sonny
935,recien,recien
935,querria,querria
935,guapo,guapo
935,alcance,alcance
934,smith,smith
934,dejame,dejar
931,quedamos,quedar
931,llegara,llegar
929,seremos,ser
929,desierto,desierto
928,t,t
928,licencia,licencia
927,fiona,fiona
926,trato,treating
926,proceso,proceso
926,llevado,llevar
926,durmiendo,dormir
925,tension,tension
925,martes,martes
924,kilometros,kilometros
924,cartera,cartera
923,trafico,trafico
923,guarda,guarda
922,impresionante,impresionante
921,victimas,victimas
921,ricos,rico
921,primeros,primero
921,dejamos,dejar
920,tomen,tomar
920,iguales,igual
920,domingo,domingo
920,crear,crear
919,quedara,quedara
919,perdida,perdido
918,extra,extra
917,fuese,ir
917,confio,confio
916,sabido,sabido
916,analisis,analisis
915,llegaste,llegar
915,fria,fria
914,violencia,violencia
914,mate,mate
914,lobo,lobo
914,discurso,discurso
914,actor,actor
913,sexy,sexi
913,orgullo,orgullo
912,odia,odiar
912,libras,libra
912,alli,alli
912,agencia,agencia
910,vuelvan,volver
910,rose,rose
910,necesidad,necesidad
910,naves,nave
910,descubrir,descubrir
909,tira,tira
909,resolver,resolver
906,pondre,pondre
905,volando,volando
905,pensamos,pensar
905,mios,mios
905,errores,error
905,celular,celular
904,vincent,vincent
904,cuantas,cuanto
904,claire,claire
903,verlos,ver
903,ayudarle,ayudar
902,meter,meter
902,hablare,hablare
902,esto,esto
902,daniel,daniel
901,buscas,busca
900,equivocada,equivocado
899,dejan,dejar
898,vacio,vacio
898,trabajaba,trabajar
898,salon,salon
898,motor,motor
898,conducir,conducir
898,compre,compre
897,quizas,quizas
897,den,dar
897,cerrada,cerrado
896,cortar,cortar
895,ted,ted
895,crea,crear
894,sera,sera
894,mueva,mover
894,hazme,hacer
893,bravo,bravo
893,alan,alan
892,pregunte,preguntar
890,promesa,promesa
890,espejo,espejo
890,digale,digale
888,sienta,sentar
888,medicos,medicos
887,cero,cero
886,escribio,escribio
885,volveremos,volver
884,unidades,unidad
884,cheque,cheque
883,consigue,conseguir
883,antiguo,antiguo
882,regla,regla
882,pesadilla,pesadilla
882,enviar,enviar
880,podias,podias
880,llevarte,llevar
880,entrenador,entrenador
880,cuida,cuidar
879,paciencia,paciencia
879,dilo,decir
878,levanta,levantar
878,complicado,complicado
877,superior,superior
877,sugiero,sugerir
877,familias,familia
877,dira,dira
876,pienses,pensar
875,temporada,temporada
875,suelta,suelta
875,Jackie,Jackie
875,corran,correr
874,propios,propio
874,feo,feo
874,dispuesto,dispuesto
874,ayudenme,ayudenme
873,teoria,teoria
873,salvaje,salvaje
873,negativo,negativo
873,ibamos,ibamos
873,hubieran,haber
871,tripulacion,tripulacion
871,taza,taza
871,perdida,perdido
870,vinieron,venir
870,ponen,poner
870,pasamos,pasar
870,parecido,parecido
870,brian,brian
870,acepto,aceptar
868,gay,gay
868,cooper,cooper
867,senoras,senoras
867,quedare,quedare
867,parada,parada
866,ninas,ninas
866,consegui,consegui
866,acabamos,acabar
865,normalmente,normalmente
865,muchisimo,muchisimo
865,bruja,bruja
863,vegas,vega
863,tuvieron,tener
863,traigo,traer
863,matara,matara
863,kevin,kevin
863,funeral,funeral
863,conseguiste,conseguir
862,teatro,teatro
862,paris,paris
862,medianoche,medianoche
862,biblioteca,biblioteca
861,estemos,estar
859,tunel,tunel
859,encargo,encargo
859,aparece,aparecer
858,testigos,testigo
858,penso,penso
858,fueran,ir
858,fantasmas,fantasma
858,correo,correo
857,vuestro,vuestro
856,piscina,piscina
856,paquete,paquete
856,copia,copia
856,alice,alice
855,suicidio,suicidio
854,molly,molly
854,credito,credito
854,consigo,consigo
854,carol,carol
853,vuestra,vuestro
853,rara,raro
853,legal,legal
853,hablaremos,hablar
853,cambio,cambio
852,solas,solo
852,salimos,salir
852,ganador,ganador
852,estudiantes,estudiante
852,despierto,despertar
851,pare,stopping
851,invitado,invitado
851,guia,guia
850,oso,oso
850,lei,lei
850,explosion,explosion
850,dejarme,dejar
850,chino,chino
849,stan,stan
849,lois,lois
848,sorprende,sorprender
848,sistemas,sistema
848,nacion,nacion
848,entienden,entender
848,arena,arena
847,mentiroso,mentiroso
847,hablaba,hablar
846,veas,ver
846,pura,puro
846,asesinado,asesinado
845,mintiendo,mentir
845,casos,caso
844,vehiculo,vehiculo
844,rata,rata
844,importancia,importancia
844,distinto,distinto
843,pintura,pintura
843,intente,intentar
843,conciencia,conciencia
842,miras,mira
842,maquinas,maquinas
841,traere,traere
841,revisar,revisar
840,veinte,veinte
839,seres,ser
839,hablarle,hablar
839,disco,disco
838,viktor,viktor
838,transporte,transporte
838,mina,mina
838,labios,labio
837,senoria,senoria
836,llamamos,llamar
836,doce,doce
836,cuidate,cuidate
835,pasillo,pasillo
833,tele,tele
833,podria,podria
832,completa,completo
831,rapida,rapida
831,precisamente,precisamente
831,llamaste,llamar
831,cumplir,cumplir
830,servicios,servicio
829,senales,senales
829,acaban,acabar
828,am,am
827,sueltame,sueltame
827,hablarte,hablar
826,trate,tratar
826,pescado,pescado
826,huesos,hueso
826,daria,daria
826,compra,compra
825,trajiste,traer
825,templo,templo
825,placa,placa
824,posibilidades,posibilidad
824,ira,ira
823,vengas,venir
822,siguiendo,seguir
822,podran,podran
822,llamarme,llamar
822,cierta,cierto
821,permitir,permitir
821,condiciones,condicion
821,atrapar,atrapar
820,temperatura,temperatura
820,explicacion,explicacion
820,enviado,enviado
820,contado,contado
820,asistente,asistente
819,imperio,imperio
818,pidiendo,pedir
818,notas,nota
818,curioso,curioso
817,operaciones,operacion
817,manten,manten
816,tierras,tierra
816,creas,crear
815,pez,pez
815,morira,morira
814,vision,vision
814,montanas,montanas
814,jeff,jeff
813,d,d
813,comido,comido
812,construir,construir
812,comunidad,comunidad
811,veran,veran
811,pierde,perder
811,piense,pensar
811,felicidad,felicidad
811,ee,ee
811,diversion,diversion
810,salvo,salvo
809,thomas,thomas
809,quita,quita
809,museo,museo
809,disparo,disparo
809,desearia,desearia
808,misterio,misterio
808,buscamos,buscar
808,aviso,aviso
808,almirante,almirante
807,solucion,solucion
806,pequenas,pequenas
806,faltan,faltar
806,existen,existir
806,combustible,combustible
805,leido,leido
804,tirar,tirar
804,responder,responder
804,esfuerzo,esfuerzo
803,vuelves,volver
801,uu,uu
800,pajaro,pajaro
800,hermanas,hermana
800,guerrero,guerrero
800,esposas,esposa
800,coma,coma
800,abra,abra
799,traes,traer
799,sientas,sentar
799,rocky,rocky
799,olvide,olvidar
799,joseph,joseph
799,bolsillo,bolsillo
798,heridas,herido
797,saco,saco
797,gasolina,gasolina
797,conexion,conexion
796,correcta,correcto
795,pedazos,pedazo
795,lineas,lineas
795,estarias,estarias
795,convierte,convertir
795,ayudara,ayudara
793,rumbo,rumbo
793,rompio,rompio
792,muera,muera
792,mia,mia
792,material,material
791,diamantes,diamantes
790,rapidamente,rapidamente
790,mirate,mirate
790,fecha,fecha
790,escritorio,escritorio
790,digan,decir
789,registro,registro
789,maten,matar
788,incendio,incendio
788,deme,dar
787,sois,ser
787,pensamientos,pensamiento
787,dimelo,dimelo
787,comiendo,comer
787,aparte,aparte
786,asesinatos,asesinato
785,roy,roy
785,leccion,leccion
785,algun,algun
785,abrigo,abrigo
784,tratamiento,treating
784,julio,julio
782,pene,pene
782,conejo,conejo
781,suceder,suceder
781,ruta,ruta
781,ciego,ciego
781,asqueroso,asqueroso
780,super,super
780,prisionero,prisionero
780,odie,odiar
780,ocupada,ocupada
780,llevarlo,llevar
780,Jenny,Jenny
780,empezamos,empezar
780,Emily,Emily
779,Ethan,Ethan
779,estuvimos,estar
779,decirselo,decirselo
778,oscar,oscar
778,honesto,honesto
778,entrevista,entrevista
778,Antigua,Antigua
778,amante,amante
777,humo,humo
777,gustas,gustar
777,condado,condado
776,conseguido,conseguido
775,viajar,viajar
775,sombra,sombra
775,sabra,sabra
775,refiere,referir
775,lio,lio
775,estais,estais
775,entrega,entrega
775,Dracula,Dracula
775,compartir,compartir
775,Angeles,Angeles
774,volvamos,volver
774,sonrisa,sonrisa
774,sencillo,sencillo
774,atrapado,atrapado
774,aburrido,aburrido
773,pocas,poco
773,pensaste,pensar
773,dragon,dragon
773,Anne,Anne
772,volvi,volvi
772,planta,planta
772,clima,clima
772,adoro,adoro
771,suave,suave
771,ruso,ruso
771,rodillas,rodilla
771,Marina,Marina
771,bolso,bolso
771,betty,betty
771,alarma,alarma
770,vivia,vivia
770,quedese,quedese
769,recompensa,recompensa
769,juega,jugar
769,Hollywood,Hollywood
769,cigarrillo,cigarrillo
769,autoridad,autoridad
769,amigas,amiga
769,agujero,agujero
769,acabe,acabar
768,sacaste,sacar
768,orgullosa,orgulloso
768,Jackson,Jackson
767,entendi,entendi
767,dijera,decir
766,sotano,sotano
766,paredes,pared
766,guapa,guapo
765,iria,iria
765,imaginar,imaginar
765,fiebre,fiebre
765,dejala,dejala
765,boton,boton
764,preguntarle,preguntar
764,leyendo,leer
764,darles,dar
763,uniforme,uniforme
763,dulces,dulce
762,vaso,vaso
762,documentos,documento
761,ruego,ruego
761,maneras,manera
761,king,king
761,invitados,invitado
761,comodo,comodo
761,ayudarnos,ayudar
760,visitar,visitar
760,vigilancia,vigilancia
760,nadar,nadar
760,altura,altura
759,todavia,todavia
759,preparados,preparado
759,Gary,Gary
759,cuales,cual
758,mover,mover
758,jugador,jugador
758,izquierdo,izquierdo
758,alejandro,alejandro
757,tecnologia,tecnologia
757,raza,raza
757,conocerlo,conocer
757,conde,conde
756,social,social
756,gobernador,gobernador
756,coge,coger
755,pedro,pedro
755,cubierta,cubierta
755,chiste,chiste
755,celda,celda
755,agarra,agarrar
754,secreta,secreto
754,personalmente,personalmente
754,Miller,Miller
754,amistad,amistad
754,amaba,amar
753,nacio,nacio
753,interesado,interesado
753,intentado,intentar
753,educacion,educacion
753,curiosidad,curiosidad
753,buscan,buscar
752,repito,repetir
752,pecado,pecado
752,mortal,mortal
752,manda,manda
752,claramente,claramente
751,via,via
751,juntas,junto
751,identificacion,identificacion
751,dirige,dirigir
751,declaracion,declaracion
751,aleman,aleman
750,tontos,tonto
750,mantiene,mantener
750,bestia,bestia
749,veneno,veneno
749,vecinos,vecino
749,supiera,saber
749,quieran,querer
748,salgo,salir
747,propias,propio
747,privada,privada
747,jurado,jurado
747,golpes,golpe
745,usan,usar
745,metas,meta
745,Lenny,Lenny
745,garganta,garganta
744,invierno,invierno
744,fila,fila
743,Ricky,Ricky
743,miel,miel
742,traigan,traer
742,sucedido,suceder
741,tranquilos,tranquilo
741,madera,madera
741,burro,burro
741,artista,artista
740,Sophie,Sophie
740,pobres,pobre
740,Louis,Louis
740,impresion,impresion
740,gano,ganar
740,cruzar,cruzar
740,cigarrillos,cigarrillo
739,Scully,Scully
739,o,o
739,llevarme,llevar
739,grial,grial
739,chaqueta,chaqueta
739,alcalde,alcalde
738,vueltas,vuelta
738,usado,usado
738,reputacion,reputacion
738,pongas,poner
738,oxigeno,oxigeno
738,cajas,caja
737,preocupada,preocupado
737,matan,matar
737,Liz,Liz
737,empezando,empezar
737,cabezas,cabeza
736,ponerme,poner
736,experto,experto
735,oceano,oceano
735,maestra,maestro
735,cia,ciar
734,pieza,pieza
734,cargos,cargo
734,bombas,bombo
734,alcohol,alcohol
733,trataba,tratar
733,salen,salar
733,pizza,pizza
733,Patrick,Patrick
732,recibi,recibi
732,junta,junto
732,criaturas,criatura
732,aparecio,aparecio
732,actitud,actitud
731,gira,places
731,cristal,cristal
731,Bourne,Bourne
731,Amy,Amy
730,encuentran,encontrar
730,dejarte,dejar
730,caido,caido
729,ultima,ultimar
729,j,j
728,sensacion,sensacion
728,seguido,seguido
728,puro,puro
727,whisky,whisky
727,vernos,ver
727,pantalla,pantalla
727,bebida,bebida
726,estudiar,estudiar
726,ducha,ducha
726,despedido,despedido
726,consiguio,consiguio
725,venia,venia
725,pagan,pagar
725,disculpame,disculpame
725,articulo,articulo
725,aparentemente,aparentemente
725,ambas,ambos
724,trauma,trauma
724,pusieron,poner
724,fiestas,fiesta
724,contesta,contesta
724,contenta,contento
724,ambiente,ambiente
723,prometi,prometi
723,llegando,llegar
722,mostrare,mostrare
722,deba,deber
722,Berlin,Berlin
721,nerviosa,nervioso
721,hallar,hallar
721,dudas,duda
720,llegan,llegar
720,instrucciones,instruccion
720,baje,bajar
719,vinimos,venir
719,ritmo,ritmo
719,quedense,quedense
718,suponia,suponia
718,Marcus,Marcus
717,pistas,pista
717,palacio,palacio
717,Gordon,Gordon
717,encontrare,encontrare
716,venta,venta
716,urgente,urgente
716,tomamos,tomar
716,sali,sali
716,cuerda,cuerdo
715,vendria,vendria
715,pasaba,pasar
715,instante,instante
715,almas,alma
714,suficientes,suficiente
714,secundaria,secundaria
714,saltar,saltar
714,queria,queria
714,quedarnos,quedar
714,molesto,molesto
714,colina,colina
713,porqueria,porqueria
713,dean,dean
712,sienten,sentar
712,pondra,pondra
711,terroristas,terrorista
711,empece,empece
710,pongan,poner
710,phoebe,phoebe
710,moto,moto
709,opinas,opinar
709,habilidad,habilidad
709,entren,entrar
709,descubierto,descubierto
709,convertido,convertido
709,asegurate,asegurate
708,summer,summer
708,quede,quedar
708,kilos,kilo
708,Florida,Florida
707,tomara,tomara
707,sufrir,sufrir
707,mental,mental
707,lograr,lograr
707,instituto,instituto
706,um,um
706,serlo,ser
706,rapido,rapido
706,plato,plato
706,llorando,llorar
705,vd,vd
705,vayase,vayase
705,sucediendo,suceder
705,robaron,robar
705,Alemania,Alemania
704,bolas,bolo
703,Luthor,Luthor
702,pasaria,pasaria
702,ocurra,ocurrir
702,ilegal,ilegal
702,fresco,fresco
702,falso,falso
702,abogados,abogado
701,tomalo,tomalo
701,mando,mando
701,cuan,cuan
701,cuales,cual
701,botas,bota
700,tiburones,tiburon
700,Marissa,Marissa
700,grado,grado
700,deseas,desear
700,archivos,archivo
700,adivina,adivino
699,cruz,cruz
699,campana,campana
699,asustada,asustado
698,centavos,centavo
697,vivimos,vivir
697,galletas,galleta
697,frecuencia,frecuencia
697,danos,danos
696,minas,mina
696,emociones,emocion
696,dejara,dejar
695,regreso,regreso
695,ratas,rata
695,pasion,pasion
695,Julia,Julia
695,Joel,Joel
695,hacerse,hacerse
695,comportamiento,comportamiento
694,pense,pense
694,conocimiento,conocimiento
694,bin,bin
693,sales,salar
693,fiscal,fiscal
693,decisiones,decision
693,criminales,criminal
692,camaras,camaras
692,amanecer,amanecer
691,convirtio,convirtio
691,aldea,aldea
691,abandonar,abandonar
690,obvio,obvio
690,habiamos,habiamos
690,apesta,apestar
690,abandonado,abandonado
689,volveras,volveras
689,preocuparse,preocupar
689,Kim,Kim
689,favorita,favorito
688,lanzamiento,launching
688,dificiles,dificiles
687,vivido,vivido
687,roca,roca
687,peces,pez
687,maravilla,maravilla
687,espacial,space
687,conductor,conductor
687,camarada,camarada
686,trabajado,trabajar
686,caramba,caramba
685,sopa,sopa
685,numero,numerar
685,gritar,gritar
685,envia,envia
685,casino,casino
685,alteza,alteza
684,Karen,Karen
684,identidad,identidad
684,cambios,cambio
683,guardar,guardar
683,gatos,gato
683,gane,gane
683,arresto,arresto
682,estas,este
681,pregunto,preguntar
681,estos,este
680,probable,probable
678,seamos,ser
678,importaria,importaria
678,firmar,firmar
678,federal,federal
678,caras,caro
677,trabajos,trabajo
677,Houston,Houston
677,hagamoslo,hagamoslo
677,expediente,expediente
676,tigre,tigre
676,intento,intento
676,harto,harto
676,decidir,decidir
675,periodicos,periodicos
675,casarse,casar
674,lento,lento
674,hecha,fecha
674,daba,dar
673,Simon,Simon
673,ponerte,poner
673,pelotas,pelota
673,monstruos,monstruo
673,ie,ie
673,cruel,cruel
673,city,city
672,senoritas,senoritas
672,gigante,gigante
672,dick,dick
671,siglos,siglo
671,escalera,escalera
669,incidente,incidente
669,escenario,escenario
669,diras,diras
669,ciertas,cierto
669,casar,casar
668,llamen,llamar
668,biblia,biblia
667,reporte,reporte
667,moda,moda
667,casada,casado
666,reaccion,reaccion
666,falla,falla
666,castigo,castigo
665,facilmente,facilmente
665,caza,caza
665,Annie,Annie
664,magnifico,magnifico
664,decidi,decidi
664,camina,caminar
663,superficie,superficie
663,procedimiento,procedimiento
663,condicion,condicion
663,asalto,asalto
662,virgen,virgen
661,verle,ver
660,conocimos,conocer
659,quitar,quitar
659,donna,donna
658,tratas,trata
658,noble,noble
658,laden,laden
658,hierba,hierba
658,excelencia,excelencia
658,asco,asco
657,white,white
657,titulo,titulo
657,regresare,regresare
657,ejercicio,ejercicio
656,pasaporte,pasaporte
656,extranos,extranos
656,ciento,ciento
656,afortunado,afortunado
655,saco,saco
655,iran,iran
654,sacerdote,sacerdote
654,pedirle,pedir
654,impuestos,impuesto
654,crisis,crisis
654,aventura,aventura
653,to,to
653,puestos,puesto
653,panico,panico
653,oz,oz
653,llames,llamar
653,ladrones,ladron
653,enseno,enseno
652,logramos,lograr
652,estuvieron,estar
651,ultimas,ultimas
651,pagina,pagina
651,metro,metro
651,grace,grace
651,enterprise,enterprise
651,alla,alla
650,pudieron,poder
650,mostrar,mostrar
650,escribe,escribir
649,ventaja,ventaja
649,enamorada,enamorado
649,Boston,Boston
648,usr,usr
648,gorda,gordo
647,vendran,vendran
647,paren,parar
646,xena,xena
646,piedras,piedra
645,pesado,pesado
645,despertar,despertar
644,Warren,Warren
644,pierdes,perder
644,jesucristo,jesucristo
644,damos,dar
643,treinta,treinta
643,recuerde,recordar
643,earl,earl
643,capacidad,capacidad
642,soportar,soportar
642,senado,senado
642,Grant,Grant
642,decidio,decidio
641,preparense,preparense
641,asusta,asustar
641,aquiles,aquiles
641,aquello,aquel
641,and,and
641,aguantar,aguantar
640,Cohen,Cohen
640,aprendi,aprendi
639,teneis,teneis
639,parezca,parecer
639,alegria,alegria
638,territorio,territorio
638,fisica,fisica
638,escape,escape
637,tomes,tomar
637,sandy,sandy
637,excusa,excusa
637,estudios,estudio
637,Arthur,Arthur
636,Shaw,Shaw
636,septiembre,septiembre
636,personaje,personaje
636,fabrica,fabrica
636,elegido,elegido
636,cole,cole
635,tanque,tanque
635,salta,saltar
635,hablaste,hablar
635,conferencia,conferencia
635,compromiso,compromiso
635,ayudare,ayudare
634,salieron,salir
634,rusos,ruso
634,parezco,parecer
634,llevando,llevar
634,exterior,exterior
633,punta,punta
633,ponerse,poner
633,pasen,pasar
632,puerto,puerto
632,decirtelo,decirtelo
632,caro,caro
632,asombroso,asombroso
631,pasara,pasar
631,mataran,mataran
631,maleta,maleta
631,competencia,competencia
631,canciones,cancion
630,Miranda,Miranda
630,cinturon,cinturon
629,saint,saint
629,papas,papa
629,marco,marco
629,destruccion,destruccion
628,terry,terry
628,paraiso,paraiso
628,meta,meta
628,alternativa,alternativa
627,socios,socio
627,alas,ala
626,w,w
626,ocasion,ocasion
626,casarme,casar
625,salsa,salsa
625,romano,Rome
625,prisioneros,prisionero
625,fogg,fogg
625,encantan,encantar
625,encantadora,encantador
625,comercial,comercial
624,primavera,primavera
624,metio,metio
624,Luther,Luther
624,Johnson,Johnson
623,volvemos,volver
623,mandar,mandar
623,luce,lucir
622,sagrado,sagrado
622,nacido,nacido
622,fabuloso,fabuloso
622,echo,echo
622,desaparecer,desaparecer
621,potencia,potencia
621,adn,adn
620,traiga,traer
620,permitame,permitame
620,mayores,mayor
619,regalos,regalo
619,pusiste,poner
619,peligrosa,peligroso
619,militares,militar
619,jodida,jodido
619,coincidencia,coincidencia
619,bandera,bandera
619,adivinar,adivinar
618,Wilson,Wilson
618,tubo,tubo
618,partida,partida
618,opciones,opcion
618,llamaron,llamar
618,hombro,hombro
617,vampiros,vampiro
617,sabian,sabian
617,recibio,recibio
617,Marty,Marty
617,jugadores,jugador
617,celebrar,celebrar
617,armario,armario
616,tetas,teto
616,paliza,paliza
615,sabor,sabor
615,miralo,miralo
615,lata,lata
615,heroes,heroes
615,aigo,aigo
614,serpiente,serpiente
614,escribi,escribi
614,comite,comite
614,bendiga,bendecir
613,termine,terminar
613,oyo,oyo
613,imaginacion,imaginacion
613,funciono,funciono
613,bello,bello
612,higado,higado
612,cierre,cierre
612,cabina,cabina
611,queriamos,queriamos
611,pasas,paso
611,mantente,mantener
611,japon,japon
611,deseos,deseo
611,cuentame,cuentame
610,rastro,rastro
610,compro,compro
610,anterior,anterior
610,acero,acero
609,desnudo,desnudo
609,comisario,comisario
609,catherine,catherine
608,refuerzos,refuerzo
608,preparar,preparar
608,perdidos,perdido
608,pagare,pagare
608,Miami,Miami
608,huevo,huevo
608,entrando,entrar
608,armada,armada
607,trate,tratar
607,supo,saber
607,bromeas,bromear
606,verdaderamente,verdaderamente
606,Napoleon,Napoleon
606,miro,mirar
606,limite,limite
606,esperemos,esperar
605,sacado,sacar
605,diamante,diamante
604,secuestro,secuestro
604,casco,casco
604,ayudo,ayudar
603,nene,nene
603,marcas,marca
603,francisco,francisco
602,pudieras,poder
602,poca,poca
602,jugo,jugo
602,heridos,herido
602,congreso,congreso
602,cementerio,cementerio
601,prostituta,prostituto
601,desaparece,desaparecer
601,consecuencias,consecuencia
600,terreno,terreno
600,salvado,salvado
600,mueren,morir
600,igualmente,igualmente
600,ganamos,ganar
600,circunstancias,circunstancia
599,trabajamos,trabajar
599,Marie,Marie
599,Jill,Jill
599,amen,amen
598,katie,katie
598,funcionando,funcionar
598,Evan,Evan
597,personalidad,personalidad
597,muro,muro
597,contestar,contestar
596,razon,razon
596,peores,peor
596,particular,particular
596,llevame,llevame
596,gimnasio,gimnasio
596,Garfield,Garfield
596,emocionante,emocionante
596,desgracia,desgracia
596,cientifico,cientifico
596,buscado,buscar
596,buddy,buddy
595,v,v
595,terapia,terapia
595,prepara,preparar
595,Phil,Phil
595,patrulla,patrulla
595,globo,globo
595,despejado,despejado
595,creado,creado
595,aprendido,aprender
594,naci,naci
594,lanning,lanning
594,embajador,embajador
594,barcos,barco
593,posiblemente,posiblemente
593,malvado,malvado
593,dormitorio,dormitorio
593,despacho,despacho
593,desagradable,desagradable
592,viniendo,venir
592,riddick,riddick
592,recibo,recibo
592,nuclear,nuclear
592,mensajes,mensaje
592,mantengan,mantener
591,ultimo,ultimo
591,autoridades,autoridad
590,quedes,quedar
590,pasaron,pasar
590,gano,ganar
590,ayudo,ayudar
590,aprecio,aprecio
589,sentimiento,sentimiento
589,popular,popular
589,extranas,extranas
589,detenerlo,detener
589,civiles,civil
588,tonteria,tonteria
588,reyes,rey
588,americana,americano
587,vuelven,volver
587,ventanas,ventana
587,tiburon,tiburon
587,seiya,seiya
587,peleas,pelea
587,organizacion,organizacion
587,jedi,jedi
587,ayudarla,ayudar
586,tuvieras,tener
586,sally,sally
586,querras,querras
586,querra,querra
586,kelly,kelly
586,infeccion,infeccion
586,decente,decente
585,logrado,logrado
585,jersey,jersey
585,amar,amar
584,Wayne,Wayne
584,equipos,equipo
584,canta,canta
584,bebes,bebes
583,pozo,pozo
583,India,India
583,esperado,esperado
583,ensenar,ensenar
583,darnos,dar
583,brown,brown
582,tomaste,tomar
582,internet,internet
582,habilidades,habilidad
582,encanto,encanto
582,dispararon,disparar
582,comprendes,comprender
582,africa,africa
582,adorable,adorable
581,rica,rica
581,llegaremos,llegar
581,Harold,Harold
580,reales,real
580,mismas,mismo
580,medios,medio
580,marihuana,marihuana
579,traidor,traidor
579,martha,martha
579,funcione,funcionar
579,clinica,clinica
578,preferiria,preferiria
578,podian,podian
578,olvido,olvido
578,Fred,Fred
578,entramos,entrar
578,ejercito,ejercitar
578,division,division
577,sector,sector
577,perdedor,perdedor
577,patron,patron
577,encontrara,encontrara
577,crema,crema
577,barry,barry
576,planeado,planeado
576,mantenga,mantener
576,juguete,juguete
576,edward,edward
575,tecnica,tecnica
575,nacimiento,nacimiento
575,esperare,esperare
574,tim,tim
574,termino,terminar
574,matas,mata
574,entrado,entrado
574,destruido,destruido
574,daremos,dar
574,circo,performers
574,ascensor,ascensor
574,andrew,andrew
574,aca,aca
573,investigar,investigar
573,encuentren,encontrar
573,archivo,archivo
572,salve,salve
572,presentar,presentar
572,logro,logro
572,intentas,intentar
572,encargare,encargare
572,armado,armado
572,apuestas,apuesto
571,Maggie,Maggie
571,arrestado,arrestado
570,union,union
570,permanecer,permanecer
570,muestrame,muestrame
570,movil,movil
570,Louise,Louise
570,Juan,Juan
570,dificil,dificil
570,casados,casado
570,canon,canon
570,Bruce,Bruce
569,tribunal,tribunal
569,sepan,saber
569,satelite,satelite
569,recuerden,recordar
569,intentare,intentare
569,falsa,falso
569,coca,coca
569,black,black
568,simbolo,simbolo
568,rocas,roco
568,putas,putas
568,pendejo,pendejo
568,matalo,matalo
568,judio,judio
568,estando,estar
567,subtitulos,subtitulos
567,gritando,gritar
567,dejemos,dejar
567,cientificos,cientificos
567,bebiendo,beber
566,saque,saque
566,navorski,navorski
566,metal,metal
566,despedida,despedida
565,golf,golf
565,empiece,empiece
565,defender,defender
565,crecer,crecer
564,rota,roto
563,sentimos,sentir
563,n,n
563,guerreros,guerrero
563,echa,echar
563,comunicacion,comunicacion
562,probado,probado
562,pensarlo,pensar
562,hablame,hablame
562,detenido,detenido
561,sabria,sabria
561,muertes,muerte
561,movimientos,movimiento
560,prohibido,prohibido
560,pajaros,pajaros
560,kane,kane
560,cargar,conveyance
559,willie,willie
559,podiamos,podiamos
559,junior,junior
559,imagenes,imagenes
559,haberse,haber
559,acusado,acusado
558,peleando,pelear
558,lealtad,lealtad
558,considera,considerar
558,cazador,cazador
558,buscarlo,buscar
558,apaga,apagar
557,objeto,objeto
556,sofa,sofa
556,personales,personal
556,mac,mac
556,homicidio,homicidio
556,electricidad,electricidad
556,advertencia,advertencia
555,rumores,rumor
555,mentir,mentir
555,fijate,fijate
555,deuda,deuda
555,celoso,celoso
555,bicicleta,bicicleta
555,azules,azul
554,visitas,visita
554,mejorar,mejorar
554,escudo,escudo
554,cueva,cueva
554,aerea,aerea
553,nathan,nathan
553,levantar,levantar
553,juguetes,juguete
553,ciertamente,ciertamente
553,bajen,bajar
553,aaron,aaron
552,you,you
552,temas,tema
552,pedirte,pedir
552,mcdonalds,mcdonalds
552,elegante,elegante
552,divorcio,divorcio
552,deposito,deposito
552,concierto,concierto
552,calla,callar
551,transmision,transmision
551,mataria,mataria
551,flor,flor
550,wyatt,wyatt
550,viejas,viejo
550,trabajan,trabajar
550,onda,onda
549,saldremos,salir
549,preguntado,preguntar
549,aliento,aliento
549,academia,academia
548,sonar,sonar
548,recibe,recibir
548,patio,patio
548,funcion,funcion
548,conduce,conducir
548,benton,benton
547,preguntale,preguntale
547,palo,palo
547,internacional,internacional
547,hueso,hueso
547,heather,heather
547,esclavos,esclavo
546,version,version
546,sacrificio,sacrificio
546,judios,judios
546,increible,increible
546,in,in
546,fotografia,fotografia
546,delicioso,delicioso
546,crimenes,crimenes
545,zorra,zorra
545,valle,valle
545,llevaremos,llevar
545,lentamente,lentamente
545,encantada,encantado
545,arreglo,arreglo
544,volveria,volveria
544,logro,logro
543,romantico,romantico
543,preocuparte,preocupar
543,olvido,olvido
543,fascinante,fascinante
543,cuadro,cuadro
543,creyo,creyo
543,adultos,adulto
542,wow,wow
542,sobrino,sobrino
542,secuencia,secuencia
542,nicky,nicky
542,lleven,llevar
542,huh,huh
542,entradas,entrado
542,decirnos,decir
541,resistencia,resistencia
541,llamarlo,llamar
541,greene,greene
541,ayudas,ayuda
540,esperanzas,esperanza
540,disponible,disponible
540,civil,civil
540,caos,caos
540,audrey,audrey
539,velas,vela
539,tenerlo,tener
539,ponerle,ponerle
539,muestras,muestra
539,logica,logica
539,casualidad,casualidad
538,sigamos,seguir
538,rayo,rayo
538,pato,pato
538,pagado,pagado
538,mascara,mascara
538,gustado,gustar
538,buscarte,buscar
537,selva,selva
537,pm,pm
537,equivoque,equivoque
537,condenado,condenado
537,cometido,cometido
536,west,west
536,travis,travis
536,tratan,tratar
536,pudimos,poder
536,preguntando,preguntar
535,tragedia,tragedia
535,poli,poli
535,oliver,oliver
535,companias,companias
535,charla,charla
534,mete,meter
534,malditas,maldito
534,campos,campo
534,cadaveres,cadaveres
534,basicamente,basicamente
533,vamonos,vamonos
533,trucos,truco
533,preparada,preparado
533,funcionara,funcionara
533,conte,conte
533,contando,contar
533,construccion,construccion
533,ciudadanos,ciudadano
533,agarrar,agarrar
532,infeliz,infeliz
532,francesa,frances
532,explica,explicar
532,decide,decidir
531,vende,vendar
531,rutina,rutina
531,gustar,gustar
531,empieces,empiece
531,caida,caida
531,almorzar,almorzar
531,actividad,actividad
530,inocentes,inocente
530,fondos,fondo
530,coraje,coraje
530,ayudando,ayudar
530,aterrizar,aterrizar
530,actuacion,actuacion
529,vietnam,vietnam
529,suba,subir
529,h,h
529,cynthia,cynthia
529,ayudante,ayudante
528,vuela,volar
528,vaca,vaca
528,dc,dc
528,cirujano,cirujano
527,tio,tio
527,olvidate,olvidate
527,okay,okay
527,entregar,entregar
527,encerrado,encerrado
526,rubia,rubio
526,kong,kong
526,joyas,joya
526,empecemos,empezar
526,buzz,buzz
526,amado,amado
525,terminamos,terminar
525,romanos,romano
525,piedad,piedad
525,llamarte,llamar
525,hacian,hacian
525,furia,furia
525,detalle,detalle
525,admitir,admitir
524,tendrias,tendrias
524,respiracion,respiracion
524,preparate,preparate
524,escribiendo,escribir
524,confundido,confundido
523,vigilando,vigilar
523,sufrimiento,sufrimiento
523,saludos,saludo
523,robaste,robar
523,l,l
523,golpear,golpear
523,garaje,garaje
523,buscare,buscare
522,revolucion,revolucion
522,motel,motel
522,buscaba,buscar
522,alianza,alianza
521,otto,otto
521,estupidez,estupidez
521,disparado,disparar
520,sangrando,sangrar
520,quietos,quieto
520,miserable,miserable
520,ideal,ideal
520,empiezo,empiezo
520,controla,controlar
519,prometiste,prometer
519,heroina,heroina
519,empezado,empezar
519,damelo,damelo
518,vecindario,vecindario
518,empleado,empleado
518,conociste,conocer
518,colores,color
518,cerebral,cerebral
517,plastico,plastico
517,piano,piano
517,pensamiento,pensamiento
517,lewis,lewis
517,letra,letra
517,empleados,empleado
517,dosis,dosis
517,dolar,dolar
517,benny,benny
517,apolo,apolo
517,agrada,agradar
516,tocado,tocado
516,tios,tios
516,super,super
516,rifle,rifle
516,renunciar,renunciar
516,incluyendo,incluir
516,hoyo,hoyo
516,espanol,espanol
516,acepta,aceptar
515,rueda,rotating
515,municiones,municion
515,ciudades,ciudad
515,beisbol,beisbol
514,regresado,regresar
514,pediste,pedir
514,ja,ja
513,sesion,sesion
513,comprender,comprender
512,tocando,tocar
512,montar,montar
512,ma,ma
512,familiares,familiar
512,espia,espia
512,efectos,efecto
511,salto,salto
511,pago,pago
511,impacto,impacto
511,emocion,emocion
511,disparos,disparo
511,comando,comando
511,autorizacion,autorizacion
510,informes,informe
510,honestamente,honestamente
510,existencia,existencia
510,demasiada,demasiado
510,coches,coche
510,clara,clara
510,alcanzar,alcanzar
509,volviste,volver
509,octubre,octubre
509,g,g
509,conseguimos,conseguir
509,barato,barato
509,apostar,apostar
508,requiere,requerir
508,importan,importar
508,grano,various
508,demasiados,demasiado
508,casarte,casar
507,traeme,traeme
507,rick,rick
507,progreso,progreso
507,odias,odiar
507,ocurrir,ocurrir
507,hacias,hacias
506,serias,serias
506,secretario,secretario
506,rusia,rusia
506,piensalo,piensalo
506,gatito,gato
506,deme,dar
506,coleccion,coleccion
505,vais,ir
505,sufrido,sufrido
505,ningun,ningun
505,helena,heleno
505,harris,harris
504,terror,terror
504,salva,salva
504,salgas,salga
504,sacarte,sacar
504,lanza,lanza
503,uso,uso
503,quince,quince
503,prometido,prometido
503,preciso,preciso
503,pirata,pirata
503,park,park
503,moral,moral
503,moneda,moneda
503,kyle,kyle
503,hare,hare
503,haberle,haber
503,estuvieras,estar
503,dijimos,decir
503,cayendo,caer
503,bajas,bajo
502,viniera,venir
502,sonando,sonando
502,servira,servira
502,moscu,moscu
502,minimo,minimo
502,hermosas,hermoso
502,escondido,escondido
502,eric,eric
502,demostrar,demostrar
501,perrito,perrito
501,jordan,jordan
501,intente,intentar
501,habran,habran
501,experimento,experimento
501,espaldas,espalda
501,diseno,diseno
501,barra,barra
501,anciano,anciano
501,alfombra,alfombra
501,actriz,actriz
500,tono,tono
500,sentarse,sentar
500,remedio,remedio
500,listas,listo
500,gris,gris
500,enviaron,enviar
500,entendiste,entender
500,disfrutar,disfrutar
500,contare,contare
500,comen,comer
499,sentada,sentada
499,pregunte,preguntar
499,japones,japones
499,gritos,grito
499,dolares,dolar
499,asegurarme,asegurar
498,restos,resto
498,piper,piper
498,pierdo,perder
498,motivos,motivo
498,josh,josh
498,dimos,dar
498,campeonato,campeonato
498,apurense,apurense
497,unico,unico
497,reir,reir
497,prima,primo
497,maricon,maricon
497,actua,actua
496,periodista,periodista
496,luchando,luchar
496,estelar,estelar
496,escritor,escritor
496,encontraras,encontraras
496,dejando,dejar
496,adecuado,adecuado
495,terrorista,terrorista
495,lady,lady
495,hierro,hierro
495,enterrado,enterrado
495,big,big
494,sincero,sincero
494,sharon,sharon
494,representa,representar
494,positivo,positivo
494,mereces,merecer
494,italia,italia
494,fea,feo
494,acerques,acercar
493,petroleo,petroleo
493,encargado,encargado
493,capitulo,capitulo
492,ensenare,ensenare
492,cuentos,cuento
492,breve,breve
492,atreves,atrever
491,subete,subete
491,sed,sed
491,patetico,patetico
491,mostrarte,mostrar
491,doctores,doctor
491,caracter,caracter
490,tuyos,tuyo
490,plaza,plaza
490,obispo,obispo
490,necesite,necesitar
490,muevan,mover
490,involucrado,involucrado
490,frankie,frankie
490,daran,daran
489,robin,robin
489,ingleses,ingles
488,usas,usar
488,ruedas,rueda
488,practicamente,practicamente
488,orejas,oreja
488,golpeo,golpeo
488,costado,costado
488,conducta,conducta
487,toman,tomar
487,suban,subir
487,medica,medica
487,manzana,manzana
487,jonathan,jonathan
487,escuadron,escuadron
486,reconozco,reconocer
486,ordenes,ordenar
486,gallina,gallina
486,cambiando,cambiar
486,borde,borde
486,ataques,atacar
486,actual,actual
485,victor,victor
485,polly,polly
485,pecados,pecado
485,invito,invito
485,inconsciente,inconsciente
485,bastardos,bastardo
485,abrio,abrio
484,shaun,shaun
484,oyeron,oir
484,intentaba,intentar
484,cuartel,cuartel
484,consciente,consciente
483,tranquilizate,tranquilizate
483,suyos,suyo
483,residencia,residencia
483,maxima,maxima
483,llevarla,llevar
483,grasa,grasa
483,celulas,celulas
482,retrocedan,retroceder
482,recepcion,recepcion
482,medicinas,medicina
482,explotar,explotar
482,corona,corona
482,callate,callar
482,calidad,calidad
482,ayudeme,ayudeme
482,asesina,asesino
482,absurdo,absurdo
481,reves,reves
481,producto,producto
481,nancy,nancy
481,encontrarla,encontrar
481,dj,dj
481,descansa,descansar
481,copias,copia
481,apagar,apagar
480,profesionales,profesional
480,practica,practica
480,investigando,investigar
480,francamente,francamente
480,calvin,calvin
480,afganistan,afganistan
479,vecino,vecino
479,trozo,trozo
479,tomate,tomate
479,tercero,tercero
479,sirven,servir
479,saquen,sacar
479,manual,manual
479,enciende,encender
479,cercano,cercano
479,bailando,bailar
479,atras,atras
478,usarlo,usar
478,telefono,telefono
478,registros,registro
478,ponlo,poner
478,pasta,pasta
478,lleguen,llegar
477,saliste,salir
477,sabras,sabras
477,p,p
477,morgan,morgan
477,limpieza,limpieza
477,estadounidense,estadounidense
477,enojada,enojado
477,desafortunadamente,desafortunadamente
477,conocio,conocio
476,pinta,pinta
476,matamos,matar
476,funcionan,funcionar
476,cocinar,cocinar
476,cima,cima
476,atractivo,atractivo
475,preguntes,preguntar
475,necesitare,necesitare
475,lleguemos,llegar
475,interrumpir,interrumpir
475,haberla,haber
475,apropiado,apropiado
474,presentimiento,presentimiento
474,intentamos,intentar
474,finales,final
474,evitarlo,evitar
474,enviare,enviare
474,deporte,deporte
474,bajando,bajar
473,sucia,sucio
473,recibimos,recibir
473,pastillas,pastilla
473,ceremonia,ceremonia
472,tina,tina
472,muelle,muelle
472,maletas,maleta
472,k,k
472,hijas,hija
472,desconocido,desconocido
472,conseguire,conseguire
471,taylor,taylor
471,refugio,refugio
471,imagina,imaginar
471,franceses,frances
471,convertirse,convertir
471,arruinado,arruinado
470,vomitar,vomitar
470,pasajeros,pasajero
470,normales,normal
470,disfraz,disfraz
470,continue,continue
470,arreglado,arreglado
470,aprende,aprender
469,venimos,venir
469,tenerte,tener
469,seguira,seguira
469,razonable,razonable
469,puesta,puesta
469,masaje,masaje
469,lagrimas,lagrimas
469,gustaria,gustaria
469,extranjero,extranjero
469,dejaremos,dejar
469,carlos,carlos
469,apellido,apellido
469,alguacil,alguacil
468,tracy,tracy
468,temporal,temporal
468,rompe,romper
468,mayo,mayo
468,egoista,egoista
468,aceite,aceite
467,platos,plato
467,miercoles,miercoles
467,indios,indio
467,decimos,decir
467,creasy,creasy
467,bolsas,bolsas
467,anuncio,anuncio
466,tirado,tirado
466,notado,notar
466,mutantes,mutante
466,imaginas,imaginar
466,habitaciones,habitacion
466,grecia,grecia
466,entre,entre
466,diselo,diselo
466,cesar,cesar
465,stanley,stanley
465,holly,holly
465,comprado,comprar
465,cocaina,cocaina
465,amarillo,amarillo
465,acabara,acabara
464,suceda,suceder
464,mentes,mente
464,maldad,maldad
464,gustara,gustara
464,eliminar,eliminar
464,corbata,corbata
464,burke,burke
464,atrapados,atrapado
463,sabiamos,sabiamos
463,merezco,merecer
463,medalla,medalla
463,lograste,lograr
463,lionel,lionel
463,jaula,jaula
463,dio,dar
463,chofer,chofer
462,informado,informado
462,fox,fox
462,fatal,fatal
462,enfadado,enfadado
462,cubierto,cubierto
462,companera,companera
461,ronda,ronda
461,regina,regina
461,cobra,cobra
461,cantante,cantante
461,abrazo,abrazo
460,tarjetas,tarjeta
460,sentarme,sentar
460,referia,referia
460,indica,indicar
460,gravedad,gravedad
460,ganando,ganar
460,estupidos,estupidos
460,elecciones,eleccion
460,collar,collar
460,cincuenta,cincuenta
459,programas,programa
459,naturalmente,naturalmente
459,embajada,embajada
459,desayunar,desayunar
459,dejaria,dejaria
458,vigila,vigilar
458,quisieras,querer
458,intereses,interes
458,agarrate,agarrate
458,aereo,aereo
457,traicion,traicion
457,seguire,seguire
457,salvajes,salvaje
457,prefiere,preferir
457,podeis,podeis
457,noel,noel
457,mueres,morir
457,molestar,molestar
457,italiano,italiano
457,dejarla,dejar
457,corazones,corazones
457,averiguarlo,averiguar
457,ave,ave
457,arreglarlo,arreglar
457,advierto,advertir
456,vendiendo,vender
456,publica,publica
456,newman,newman
456,monje,monje
456,jugamos,jugar
456,hablarme,hablar
456,escoger,escoger
456,andas,anda
455,vi,ver
455,teddy,teddy
455,pico,pico
455,lleve,llevar
455,entro,entrar
454,tenias,tenia
454,priorato,priorato
454,perdemos,perder
454,industria,industria
454,cretino,cretino
454,cafeteria,cafeteria
454,cabana,cabana
454,aparecer,aparecer
453,tradicion,tradicion
453,suelto,suelto
453,publicidad,publicidad
453,pares,par
453,oidos,oidos
453,medida,medida
453,japoneses,japones
453,hitler,hitler
453,dieta,dieta
453,capa,capa
452,vendras,vendras
452,sincronizado,sincronizado
452,neil,neil
452,historial,historial
452,guion,guion
452,enano,enano
452,devolver,devolver
451,solitario,solitario
451,misiles,misil
451,hall,hall
451,desnuda,desnudo
451,bridget,bridget
451,brad,brad
450,vaquero,vaquero
450,unicos,unicos
450,trasera,trasero
450,sano,sano
450,piezas,pieza
450,liga,liga
450,gerente,gerente
450,cindy,cindy
450,caridad,caridad
450,armados,armado
449,trajeron,traer
449,religion,religion
449,jon,jon
449,fotografias,fotografias
448,sentirse,sentir
448,rezar,rezar
448,protege,proteger
448,preparen,preparar
448,ninera,ninera
448,naranja,naranja
448,matarnos,matar
448,jugada,jugada
448,gandalf,gandalf
448,esperame,esperame
448,ensenarte,ensenarte
448,cohete,cohete
447,tanques,tanque
447,sombras,sombra
447,moverse,mover
447,llegara,llegar
447,corto,corto
447,cierren,cerrar
446,volveran,volveran
446,usamos,usar
446,sabremos,saber
446,potter,potter
446,maletin,maletin
446,lenguaje,lenguaje
446,jenna,jenna
446,invitacion,invitacion
446,cambian,cambiar
445,rehenes,rehen
445,margaret,margaret
445,freddy,freddy
445,encontremos,encontrar
445,descubri,descubri
445,audiencia,audiencia
445,agenda,agenda
444,wallace,wallace
444,sigueme,sigueme
444,sensible,sensible
444,sammy,sammy
444,reverendo,reverendo
444,quereis,quereis
444,dex,dex
444,cazar,cazar
444,bodas,boda
443,seguiremos,seguir
443,rosas,roso
443,retiro,retiro
443,primeras,primero
443,poderosa,poderoso
443,matthew,matthew
443,deberia,deberia
443,cantando,cantar
443,antiguos,antiguo
442,teme,teme
442,smallville,smallville
442,siganme,siganme
442,moviendo,mover
442,juventud,juventud
442,equivocas,equivocar
441,trabajadores,trabajador
441,segui,segui
441,salvaste,salvar
441,pulmones,pulmon
441,payaso,payaso
441,oirlo,oirlo
441,fama,fama
441,engano,engano
441,distrito,distrito
441,disculparme,disculpar
441,davis,davis
441,ciudadano,ciudadano
440,robando,robar
440,equipaje,equipaje
440,ciencias,ciencia
439,ubicacion,ubicacion
439,federales,federal
438,tratamos,tratar
438,ofrece,ofrecer
438,of,of
438,junio,junio
438,extremadamente,extremadamente
438,actuando,actuar
437,traduccion,traduccion
437,supiste,saber
437,sacarlo,sacar
437,preparando,preparar
437,mei,mei
437,letras,letra
436,tipico,tipico
436,reserva,reserva
436,propuesta,propuesta
436,plataforma,plataforma
436,mago,mago
436,linea,linear
436,hank,hank
436,dude,dudar
436,busque,buscar
435,tabaco,tabaco
435,principios,principio
435,lou,lou
435,dormida,sleeping
435,costo,costo
435,causar,causar
434,temer,temer
434,subiendo,subir
434,rollo,rollo
434,ns,no se
434,hechizo,hechizo
434,gusano,gusano
434,guau,guau
434,grupos,grupo
434,discos,disco
434,despierte,despertar
433,st,st
433,ocurriendo,ocurrir
433,horario,horario
433,expedientes,expediente
433,envie,envie
433,dibujos,dibujo
433,concurso,concurso
433,colt,colt
433,autopista,autopista
433,ataco,ataco
432,vendedor,vendedor
432,sigas,seguir
432,rebeldes,rebelde
432,radar,radar
432,madame,madame
432,expresion,expresion
432,escuchan,escuchar
432,carla,carla
431,use,usar
431,resulto,resulto
431,principe,principe
431,hagalo,hagalo
431,greg,greg
431,exposicion,exposicion
431,demasiadas,demasiado
431,cuidando,cuidar
431,aterrizaje,aterrizaje
431,apetece,apetecer
430,tomaron,tomar
430,sorprendente,sorprendente
430,responda,responder
430,olvidaste,olvidar
430,lobos,lobo
430,echado,echar
430,deberias,deberias
430,cortado,cortado
430,citas,cita
430,abiertos,abierto
429,zapato,zapato
429,preso,preso
429,lastimar,lastimar
429,explosivos,explosivo
429,colegas,colega
428,telly,telly
428,supieras,saber
428,secretaria,secretario
428,queridos,querido
428,moriras,moriras
428,mickey,mickey
428,cuero,cuero
428,confesion,confesion
428,circulo,circulo
427,sabeis,sabeis
427,quimica,quimica
427,obras,obra
427,llores,llorar
427,juegas,jugar
427,invisible,invisible
427,fase,fase
427,esconde,esconder
427,capitan,capitan
427,adulto,adulto
426,vacia,vacia
426,sientense,sientense
426,pastor,pastor
426,llegada,llegada
426,jesse,jesse
426,gatillo,gatillo
426,debamos,deber
425,telefonos,telefonos
425,saque,saque
425,regresara,regresara
425,olvidare,olvidare
425,lucas,luca
425,limites,limites
425,jovencita,jovencito
425,hong,hong
425,dibujo,dibujo
425,britanico,britanico
425,balboa,balboa
424,psiquiatra,psiquiatra
424,objetos,objeto
424,negociar,negociar
424,hill,hill
424,formar,formar
424,fiel,fiel
424,diosa,diosa
424,descubrio,descubrio
424,ala,ala
424,abril,abril
423,saldre,saldre
423,mias,mias
423,disfruta,disfrutar
423,atender,atender
422,tomaremos,tomar
422,samantha,samantha
422,rosie,rosie
422,oreja,oreja
422,necesitaremos,necesitar
422,motores,motor
422,intenciones,intencion
422,hannah,hannah
422,cumplido,cumplido
422,brindis,brindis
421,villa,villa
421,trono,trono
421,traen,traer
421,thunderbird,thunderbird
421,sentados,sentado
421,samurai,samurai
421,salia,salia
421,raras,raro
421,produccion,produccion
421,medias,medio
421,lavar,lavar
421,jazz,jazz
421,extraordinario,extraordinario
421,causado,causar
421,angie,angie
420,serpientes,serpiente
420,revisa,revisar
420,quedate,quedar
420,nervios,nervio
420,estable,estable
420,cerdos,cerdo
419,riesgos,riesgo
419,pasaste,pasar
419,michelle,michelle
419,madres,madre
419,instinto,instinto
419,episodio,episodio
419,empezaron,empezar
419,aniversario,aniversario
419,angela,angela
419,anderson,anderson
418,viera,ver
418,viajes,viaje
418,trabaje,trabaje
418,rango,rango
418,preocupacion,preocupacion
418,metete,metete
418,imagine,imagine
418,hayamos,haber
418,fenomeno,fenomeno
418,dolores,dolor
418,demanda,demanda
418,damien,damien
418,creo,crear
418,asegurar,asegurar
417,pesadillas,pesadilla
417,niega,negar
417,molestia,molestia
417,kirk,kirk
417,extremo,extremo
417,debilidad,debilidad
417,compasion,compasion
417,camiones,camion
417,aproximadamente,aproximadamente
417,afecta,afecto
417,administracion,administracion
416,reconocimiento,reconocimiento
416,recientemente,recientemente
416,practicar,practicar
416,pierdas,perder
416,pandilla,pandilla
416,miss,miss
416,mates,mates
416,disparando,disparar
416,britanicos,britanicos
416,ayudarlos,ayudar
416,abby,abby
415,sueldo,sueldo
415,siguio,siguio
415,significado,significado
415,miente,miente
415,medidas,medida
415,guitarra,guitarra
415,custodia,custodia
415,boletos,boleto
415,ayudado,ayudar
414,sydney,sydney
414,sentarte,sentar
414,risa,risa
414,quemar,quemar
414,prometio,prometio
414,observando,observar
414,lectura,lectura
414,jodete,jodete
414,considerado,considerado
414,cometer,cometer
414,cambie,cambiar
414,asientos,asiento
413,wong,wong
413,shock,shock
413,satisfecho,satisfecho
413,saludable,saludable
413,lanzar,lanzar
413,ken,ken
413,hoja,hoja
413,conozca,conocer
413,concepto,concepto
413,colgar,colgar
413,apunta,apuntar
412,renta,renta
412,prefieres,preferir
412,pedire,pedire
412,mediodia,mediodia
412,influencia,influencia
412,hacernos,hacer
412,figura,figura
412,ensayo,ensayo
412,coordenadas,coordenado
412,caso,caso
412,bart,bart
412,albert,albert
411,politico,politico
411,paises,paises
411,once,once
411,matarlos,matar
411,karl,karl
411,graduacion,graduacion
411,frase,frase
411,eterna,eterno
411,estarlo,estar
411,descuida,descuida
410,toalla,toalla
410,proximos,proximos
410,monedas,moneda
410,mirad,mirar
410,miraba,mirar
410,jesus,jesus
410,griegos,griego
410,famosa,famoso
410,corredor,corredor
410,atravesar,atravesar
410,aguas,aguas
409,modales,modales
409,guerras,guerra
409,eternidad,eternidad
409,conocerla,conocer
409,charlotte,charlotte
409,busquen,buscar
409,buck,buck
409,acuerda,acordar
408,sentirme,sentir
408,ralph,ralph
408,quema,quema
408,poema,poema
408,ordeno,ordenar
408,espiritual,espiritual
408,costumbre,costumbre
408,comence,comence
408,cabra,cabra
408,alquiler,alquiler
407,williams,williams
407,vencido,vencido
407,vela,vela
407,tratare,tratare
407,sospechosos,sospechoso
407,quinto,quinto
407,pilotos,piloto
407,philip,philip
407,perdieron,perder
407,norman,normar
407,jose,jose
407,generacion,generacion
407,formacion,formacion
407,estructura,estructura
407,concentrate,concentrate
407,complejo,multiple
406,voces,voz
406,virginia,virginia
406,tragos,trago
406,temor,temor
406,republica,republica
406,recursos,recurso
406,presentacion,presentacion
406,piramide,piramide
406,oficialmente,oficialmente
406,maquillaje,maquillaje
406,guardaespaldas,guardaespaldas
406,escucharme,escuchar
406,dejara,dejar
406,contiene,contener
406,bendicion,bendicion
405,vuestros,vuestro
405,semejante,semejante
405,pague,pagar
405,molestes,molestar
405,cultura,cultura
405,comio,comio
405,antecedentes,antecedente
404,tendriamos,tendriamos
404,representante,representante
404,prestado,prestado
404,posesion,posesion
404,oir,oir
404,nubes,nube
404,meterte,meter
404,guantes,guante
404,esperabas,esperar
404,ensena,ensena
404,encontrarme,encontrar
404,consejos,consejo
403,regreses,regresar
403,preocupen,preocupar
403,pistolas,pistola
403,Jennifer,Jennifer
403,gane,gane
403,Dana,Dana
402,sos,ser
402,niveles,nivel
402,Lane,Lane
402,ganaste,ganar
402,considerando,considerando
402,capital,capital
402,cambie,cambiar
402,animo,animo
401,utilizar,utilizar
401,lograrlo,lograr
401,llevate,llevate
401,gafas,gafas
401,espiritus,espiritus
401,do,do
400,Watson,Watson
400,ruby,ruby
400,preguntaste,preguntar
400,pagara,pagara
400,maiz,maiz
400,ho,ho
400,estacionamiento,estacionamiento
400,contactos,contacto
400,aguja,aguja
399,Turner,Turner
399,trenes,tren
399,soporto,soportar
399,sacare,sacare
399,oido,oido
399,fortaleza,fortaleza
399,Donald,Donald
399,corea,corea
399,conversar,conversar
399,computadoras,computadora
399,calmese,calmese
398,volante,volante
398,sucedera,sucedera
398,Jessica,Jessica
398,decias,decias
398,data,data
398,cuente,contar
398,civilizacion,civilizacion
398,cabrones,cabron
398,arruinar,arruinar
397,vampiro,vampiro
397,toco,toco
397,regrese,regresar
397,pases,pase
397,Mitch,Mitch
397,Megan,Megan
397,Logan,Logan
397,fantastica,fantastica
397,facil,facil
397,estabamos,estabamos
397,diera,dar
397,detenga,detener
396,violacion,violacion
396,pam,pam
396,hemorragia,hemorragia
396,fianza,fianza
396,docena,docena
396,centavo,centavo
396,celula,celula
396,carreras,carrera
396,callado,callado
395,rodilla,rodilla
395,prometes,prometer
395,profundamente,profundamente
395,posiciones,posicion
395,hicieras,hacer
395,furioso,furioso
395,desperte,desperte
395,comes,comer
395,ciega,ciego
395,cicatriz,cicatriz
395,bebidas,bebido
395,acercate,acercate
394,tiro,tiro
394,policial,policial
394,pasear,pasear
394,masa,masa
394,llegues,llegue
394,global,global
394,escapado,escapado
394,dinos,dino
394,cuarta,cuarta
394,bienes,bienes
394,aparato,aparato
393,steven,steven
393,sosten,sosten
393,realizar,realizar
393,permitire,permitire
393,orgullosos,orgulloso
393,corten,cortar
393,comision,comision
392,vidrio,vidrio
392,presa,presa
392,ocupados,ocupado
392,morfina,morfina
392,habrian,habrian
392,columna,columna
391,sacaron,sacar
391,patas,patas
391,oirme,oirme
391,ocultar,ocultar
391,objecion,objecion
391,myers,myers
391,maneja,manejar
391,largas,largo
391,generalmente,generalmente
391,fuentes,fuente
391,cubrir,cubrir
391,ataca,atacar
390,tenis,tenis
390,santos,santo
390,potencial,potencial
390,plano,plano
390,murphy,murphy
390,levante,levante
390,escala,escala
390,enfrentar,enfrentar
390,cuanta,cuanta
389,sobra,sobra
389,rumor,rumor
389,paginas,paginas
389,organos,organos
389,leon,leon
389,entras,entrar
389,decian,decian
389,chinos,chino
389,brujas,bruja
389,barbara,barbaro
389,admiro,admirar
388,voto,voto
388,volvieron,volver
388,suelte,soltar
388,reto,reto
388,metes,meter
388,infarto,infarto
388,cuyo,cuyo
388,construyo,construyo
388,boleto,boleto
388,besar,besar
387,portal,portal
387,ponemos,poner
387,monte,monte
387,discusion,discusion
387,digno,digno
387,desean,desear
387,darse,dar
387,considerar,considerar
387,bancos,banco
386,pocion,pocion
386,perdoneme,perdoneme
386,pensabas,pensar
386,monica,monica
386,generoso,generoso
386,estatua,estatua
386,convencer,convencer
386,conocida,conocido
386,comenzamos,comenzar
386,aceptado,aceptar
385,woody,woody
385,rob,rob
385,paige,paige
385,importar,importar
385,gabrielle,gabrielle
385,fracaso,fracaso
385,ciertos,cierto
385,bomberos,bombero
384,ze,ze
384,sorprendido,sorprendido
384,protegido,protegido
384,presenta,presentar
384,meti,meti
384,entenderlo,entender
384,detengan,detener
384,conflicto,conflicto
384,codigos,codigos
383,seco,seco
383,sabiendo,saber
383,hacerla,hacer
383,green,green
383,graves,grave
383,dejaras,dejaras
383,convencido,convencido
383,comprende,comprender
383,bromas,broma
382,yeah,yeah
382,oyen,oir
382,moleste,molestar
382,mencionar,mencionar
382,gastos,gasto
382,estariamos,estariamos
382,esperaremos,esperar
382,encontraran,encontraran
382,billetes,billete
382,arco,arco
382,altos,alto
382,actores,actor
381,talvez,talvez
381,sitios,sitio
381,saluda,saludar
381,quejas,queja
381,planeando,planear
381,moriremos,morir
381,marica,marica
381,habrias,habrias
381,estarian,estarian
381,dejaran,dejaran
381,castle,castle
381,amantes,amante
381,acostumbrado,acostumbrado
380,Tyler,Tyler
380,torneo,torneo
380,planos,plano
380,ordeno,ordenar
380,morris,morris
380,mire,mirar
380,maldicion,maldicion
380,kg,kg
380,dirias,dirias
380,confirmado,confirmar
379,vacas,vaco
379,quirofano,quirofano
379,ponerlo,poner
379,origen,origen
379,fusion,fusion
379,debera,debera
378,verdaderos,verdadero
378,serian,serian
378,seguia,seguia
378,sabran,sabran
378,pasaje,pasaje
378,necesidades,necesidad
